// Generated. The HUD's two weights, embedded.
//
// Embedded rather than taken from the system on purpose. The Flutter build
// used whatever the platform's default was - Segoe UI on Windows, SF Pro on a
// Mac, whatever fontconfig felt like on Linux - so the chrome quietly looked
// different on all three. One font in the binary is the only way the
// letterspaced caps read the same everywhere.
//
// Inter, subset to printable ASCII: caps for the labels, lowercase for the Hz
// in the readout, digits and a little punctuation. 412 kB each becomes 9 kB.
// SIL Open Font License 1.1 - see third_party/INTER-OFL.txt.
#pragma once

namespace ne {

static const unsigned char kInterLight[9448] = {
    0x00,0x01,0x00,0x00,0x00,0x0e,0x00,0x80,0x00,0x03,0x00,0x60,0x47,0x44,0x45,0x46,
    0x00,0xcc,0x00,0xd2,0x00,0x00,0x24,0x74,0x00,0x00,0x00,0x28,0x47,0x50,0x4f,0x53,
    0x44,0x76,0x4c,0x75,0x00,0x00,0x24,0x9c,0x00,0x00,0x00,0x20,0x47,0x53,0x55,0x42,
    0xb8,0xfa,0xb8,0xf4,0x00,0x00,0x24,0xbc,0x00,0x00,0x00,0x2a,0x4f,0x53,0x2f,0x32,
    0x6f,0xea,0x71,0xb3,0x00,0x00,0x21,0xd8,0x00,0x00,0x00,0x60,0x63,0x6d,0x61,0x70,
    0x08,0x65,0x08,0x30,0x00,0x00,0x22,0x38,0x00,0x00,0x00,0xae,0x67,0x61,0x73,0x70,
    0x00,0x00,0x00,0x10,0x00,0x00,0x24,0x6c,0x00,0x00,0x00,0x08,0x67,0x6c,0x79,0x66,
    0x44,0x00,0x4d,0xa1,0x00,0x00,0x00,0xec,0x00,0x00,0x1e,0x10,0x68,0x65,0x61,0x64,
    0x34,0xba,0x74,0x30,0x00,0x00,0x1f,0xe8,0x00,0x00,0x00,0x36,0x68,0x68,0x65,0x61,
    0x16,0xa4,0x13,0x98,0x00,0x00,0x21,0xb4,0x00,0x00,0x00,0x24,0x68,0x6d,0x74,0x78,
    0xae,0x0f,0x36,0xe3,0x00,0x00,0x20,0x20,0x00,0x00,0x01,0x94,0x6c,0x6f,0x63,0x61,
    0x90,0xf8,0x98,0x14,0x00,0x00,0x1f,0x1c,0x00,0x00,0x00,0xcc,0x6d,0x61,0x78,0x70,
    0x00,0x7e,0x00,0xe2,0x00,0x00,0x1e,0xfc,0x00,0x00,0x00,0x20,0x6e,0x61,0x6d,0x65,
    0x19,0xf9,0x33,0x7b,0x00,0x00,0x22,0xe8,0x00,0x00,0x01,0x62,0x70,0x6f,0x73,0x74,
    0xfe,0x97,0x00,0x6d,0x00,0x00,0x24,0x4c,0x00,0x00,0x00,0x20,0x00,0x02,0x00,0x39,
    0x00,0x00,0x05,0x2a,0x05,0xd2,0x00,0x07,0x00,0x10,0x00,0x00,0x33,0x01,0x33,0x01,
    0x23,0x03,0x21,0x03,0x13,0x21,0x03,0x26,0x26,0x27,0x06,0x06,0x07,0x39,0x02,0x22,
    0xa8,0x02,0x27,0x96,0xa1,0xfd,0x7b,0x9e,0xcb,0x02,0x2a,0x93,0x1b,0x40,0x29,0x28,
    0x41,0x19,0x05,0xd2,0xfa,0x2e,0x01,0xbb,0xfe,0x45,0x02,0x39,0x01,0x95,0x4a,0xc2,
    0x85,0x86,0xc4,0x47,0x00,0x03,0x00,0xc5,0x00,0x00,0x04,0xb0,0x05,0xd2,0x00,0x10,
    0x00,0x1a,0x00,0x23,0x00,0x00,0x33,0x11,0x21,0x32,0x16,0x15,0x14,0x06,0x07,0x15,
    0x1e,0x02,0x15,0x14,0x06,0x23,0x25,0x21,0x32,0x36,0x35,0x34,0x26,0x26,0x23,0x21,
    0x35,0x21,0x32,0x36,0x35,0x34,0x26,0x23,0x21,0xc5,0x01,0xfb,0xda,0xdc,0x89,0x65,
    0x47,0x88,0x59,0xe4,0xf0,0xfe,0x77,0x01,0x86,0xaa,0xa4,0x52,0x93,0x63,0xfe,0x74,
    0x01,0x77,0x83,0xa0,0x99,0x97,0xfe,0x96,0x05,0xd2,0xde,0xa7,0x8c,0xa0,0x1a,0x0c,
    0x05,0x5b,0xa3,0x70,0xaa,0xde,0x7f,0x97,0x73,0x54,0x89,0x51,0x7a,0xa0,0x79,0x75,
    0x94,0x00,0x00,0x01,0x00,0x83,0xff,0xec,0x05,0x58,0x05,0xe6,0x00,0x21,0x00,0x00,
    0x05,0x22,0x24,0x02,0x35,0x34,0x12,0x24,0x33,0x32,0x16,0x16,0x17,0x23,0x2e,0x02,
    0x23,0x22,0x06,0x02,0x15,0x14,0x12,0x16,0x33,0x32,0x36,0x36,0x37,0x33,0x0e,0x02,
    0x03,0x09,0xbc,0xfe,0xdc,0xa6,0xa6,0x01,0x24,0xbc,0x9f,0xf9,0x9f,0x18,0x8e,0x15,
    0x7c,0xbb,0x75,0x8c,0xe7,0x89,0x8a,0xe6,0x8c,0x75,0xbb,0x7c,0x15,0x8e,0x17,0x9f,
    0xf9,0x14,0xbc,0x01,0x57,0xe9,0xea,0x01,0x58,0xbc,0x81,0xdd,0x8a,0x66,0xa1,0x5c,
    0x92,0xfe,0xe6,0xcd,0xcd,0xfe,0xe6,0x90,0x5d,0xa1,0x65,0x88,0xdd,0x83,0x00,0x02,
    0x00,0xc5,0x00,0x00,0x05,0x3e,0x05,0xd2,0x00,0x09,0x00,0x12,0x00,0x00,0x21,0x21,
    0x11,0x21,0x32,0x04,0x12,0x15,0x10,0x00,0x25,0x21,0x20,0x00,0x11,0x10,0x00,0x21,
    0x21,0x02,0x7d,0xfe,0x48,0x01,0xd2,0xd5,0x01,0x30,0xa2,0xfe,0x90,0xfd,0x85,0x01,
    0x22,0x01,0x1d,0x01,0x22,0xfe,0xe7,0xfe,0xf3,0xfe,0xc5,0x05,0xd2,0xb2,0xfe,0xb4,
    0xe7,0xfe,0xa0,0xfe,0x73,0x7f,0x01,0x4a,0x01,0x24,0x01,0x1f,0x01,0x47,0x00,0x01,
    0x00,0xc5,0x00,0x00,0x04,0x39,0x05,0xd2,0x00,0x0b,0x00,0x00,0x33,0x11,0x21,0x15,
    0x21,0x11,0x21,0x15,0x21,0x11,0x21,0x15,0xc5,0x03,0x66,0xfd,0x28,0x02,0xaa,0xfd,
    0x56,0x02,0xe6,0x05,0xd2,0x7f,0xfd,0xda,0x7f,0xfd,0xd1,0x7f,0x00,0x01,0x00,0xc5,
    0x00,0x00,0x04,0x28,0x05,0xd2,0x00,0x09,0x00,0x00,0x33,0x11,0x21,0x15,0x21,0x11,
    0x21,0x15,0x21,0x11,0xc5,0x03,0x63,0xfd,0x2b,0x02,0x90,0xfd,0x70,0x05,0xd2,0x7f,
    0xfd,0xca,0x7f,0xfd,0x62,0x00,0x00,0x01,0x00,0x83,0xff,0xec,0x05,0x66,0x05,0xe6,
    0x00,0x24,0x00,0x00,0x05,0x22,0x24,0x02,0x35,0x34,0x12,0x24,0x33,0x32,0x16,0x16,
    0x17,0x23,0x2e,0x02,0x23,0x22,0x06,0x02,0x15,0x14,0x12,0x16,0x33,0x32,0x36,0x36,
    0x37,0x21,0x35,0x21,0x15,0x14,0x02,0x04,0x03,0x0f,0xc4,0xfe,0xdb,0xa3,0xa4,0x01,
    0x21,0xbd,0xa3,0xfc,0x9f,0x18,0x92,0x1a,0x78,0xb8,0x79,0x90,0xe5,0x84,0x84,0xe8,
    0x96,0x88,0xce,0x73,0x03,0xfe,0x52,0x02,0x39,0x99,0xfe,0xf2,0x14,0xbc,0x01,0x57,
    0xe9,0xea,0x01,0x58,0xbc,0x86,0xdd,0x84,0x62,0xa1,0x5f,0x96,0xfe,0xe5,0xc8,0xc5,
    0xfe,0xe5,0x97,0x76,0xda,0x94,0x7e,0x7b,0xbd,0xfe,0xea,0x99,0x00,0x01,0x00,0xc5,
    0x00,0x00,0x05,0x27,0x05,0xd2,0x00,0x0b,0x00,0x00,0x33,0x11,0x33,0x11,0x21,0x11,
    0x33,0x11,0x23,0x11,0x21,0x11,0xc5,0x8e,0x03,0x46,0x8e,0x8e,0xfc,0xba,0x05,0xd2,
    0xfd,0x67,0x02,0x99,0xfa,0x2e,0x02,0xba,0xfd,0x46,0x00,0x01,0x00,0xc5,0x00,0x00,
    0x01,0x53,0x05,0xd2,0x00,0x03,0x00,0x00,0x01,0x11,0x23,0x11,0x01,0x53,0x8e,0x05,
    0xd2,0xfa,0x2e,0x05,0xd2,0x00,0x00,0x01,0x00,0x78,0xff,0xec,0x03,0xce,0x05,0xd2,
    0x00,0x11,0x00,0x00,0x05,0x22,0x26,0x35,0x35,0x33,0x15,0x14,0x16,0x33,0x32,0x36,
    0x35,0x11,0x33,0x11,0x14,0x06,0x02,0x23,0xbf,0xec,0x8e,0x9b,0x82,0x82,0x9b,0x8e,
    0xeb,0x14,0xe5,0xcf,0x4c,0x4c,0x94,0xa1,0xa1,0x94,0x04,0x32,0xfb,0xce,0xcf,0xe5,
    0x00,0x01,0x00,0xc5,0x00,0x00,0x04,0xf1,0x05,0xd2,0x00,0x0f,0x00,0x00,0x33,0x11,
    0x33,0x11,0x03,0x36,0x36,0x37,0x01,0x33,0x01,0x01,0x23,0x01,0x07,0x11,0xc5,0x8e,
    0x01,0x44,0x87,0x4a,0x01,0xcf,0xbb,0xfd,0xa6,0x02,0x5a,0xa9,0xfd,0xed,0xe2,0x05,
    0xd2,0xfd,0xfb,0xfe,0xd1,0x54,0x9c,0x50,0x01,0xf4,0xfd,0x7a,0xfc,0xb4,0x02,0xeb,
    0xf0,0xfe,0x05,0x00,0x00,0x01,0x00,0xc5,0x00,0x00,0x04,0x18,0x05,0xd2,0x00,0x05,
    0x00,0x00,0x33,0x11,0x33,0x11,0x21,0x15,0xc5,0x8f,0x02,0xc4,0x05,0xd2,0xfa,0xad,
    0x7f,0x00,0x00,0x01,0x00,0xc5,0x00,0x00,0x06,0x6f,0x05,0xd2,0x00,0x1e,0x00,0x00,
    0x33,0x11,0x33,0x01,0x16,0x16,0x17,0x36,0x36,0x37,0x01,0x33,0x11,0x23,0x11,0x34,
    0x36,0x37,0x06,0x06,0x07,0x01,0x23,0x01,0x26,0x26,0x27,0x16,0x16,0x15,0x11,0xc5,
    0xca,0x01,0xa0,0x17,0x3b,0x1a,0x1a,0x3c,0x17,0x01,0x9d,0xca,0x8c,0x03,0x01,0x24,
    0x4d,0x1b,0xfe,0x7d,0x7d,0xfe,0x7a,0x1b,0x4a,0x28,0x02,0x03,0x05,0xd2,0xfc,0x02,
    0x38,0xae,0x52,0x50,0xae,0x3a,0x03,0xfe,0xfa,0x2e,0x03,0xb2,0x4f,0xd0,0x65,0x6e,
    0xd2,0x44,0xfc,0x4e,0x03,0xb2,0x42,0xd0,0x71,0x5f,0xd3,0x51,0xfc,0x4e,0x00,0x01,
    0x00,0xc5,0x00,0x00,0x05,0x4e,0x05,0xd2,0x00,0x15,0x00,0x00,0x33,0x11,0x33,0x01,
    0x16,0x16,0x17,0x26,0x26,0x35,0x11,0x33,0x11,0x23,0x01,0x26,0x26,0x27,0x16,0x16,
    0x15,0x11,0xc5,0xa4,0x02,0xa7,0x25,0x62,0x33,0x06,0x04,0x8e,0xa5,0xfd,0x86,0x34,
    0x66,0x4d,0x05,0x07,0x05,0xd2,0xfc,0x0c,0x38,0x9f,0x5e,0x62,0xac,0x41,0x03,0xda,
    0xfa,0x2e,0x03,0xae,0x4d,0xa8,0x81,0x78,0xc1,0x3c,0xfc,0x51,0x00,0x02,0x00,0x83,
    0xff,0xec,0x05,0x8f,0x05,0xe6,0x00,0x0f,0x00,0x1f,0x00,0x00,0x05,0x22,0x24,0x02,
    0x35,0x34,0x12,0x24,0x33,0x32,0x04,0x12,0x15,0x14,0x02,0x04,0x27,0x32,0x36,0x12,
    0x35,0x34,0x02,0x26,0x23,0x22,0x06,0x02,0x15,0x14,0x12,0x16,0x03,0x0a,0xbd,0xfe,
    0xdc,0xa6,0xa6,0x01,0x24,0xbd,0xbc,0x01,0x24,0xa5,0xa5,0xfe,0xdc,0xbc,0x91,0xe5,
    0x85,0x85,0xe5,0x91,0x92,0xe6,0x85,0x85,0xe6,0x14,0xbc,0x01,0x57,0xe9,0xea,0x01,
    0x58,0xbc,0xbc,0xfe,0xa8,0xea,0xe9,0xfe,0xa9,0xbc,0x85,0x96,0x01,0x1b,0xc6,0xc7,
    0x01,0x1c,0x96,0x96,0xfe,0xe4,0xc7,0xc5,0xfe,0xe5,0x97,0x00,0x00,0x02,0x00,0xc5,
    0x00,0x00,0x04,0x8c,0x05,0xd2,0x00,0x0c,0x00,0x15,0x00,0x00,0x33,0x11,0x21,0x32,
    0x16,0x16,0x15,0x14,0x06,0x06,0x23,0x21,0x11,0x11,0x21,0x32,0x36,0x35,0x34,0x26,
    0x23,0x21,0xc5,0x01,0xe6,0x9e,0xd6,0x6d,0x6d,0xd6,0x9d,0xfe,0xa7,0x01,0x53,0xad,
    0xac,0xac,0xae,0xfe,0xae,0x05,0xd2,0x7a,0xd1,0x82,0x84,0xd1,0x7a,0xfd,0xca,0x02,
    0xb5,0xbe,0x92,0x90,0xbe,0x00,0x00,0x02,0x00,0x83,0xff,0x74,0x05,0x8f,0x05,0xe6,
    0x00,0x13,0x00,0x27,0x00,0x00,0x05,0x22,0x24,0x02,0x35,0x34,0x12,0x24,0x33,0x32,
    0x04,0x12,0x15,0x14,0x02,0x07,0x13,0x23,0x27,0x06,0x03,0x33,0x17,0x36,0x12,0x35,
    0x34,0x02,0x26,0x23,0x22,0x06,0x02,0x15,0x14,0x12,0x16,0x33,0x32,0x37,0x03,0x0a,
    0xbd,0xfe,0xdc,0xa6,0xa6,0x01,0x24,0xbd,0xbc,0x01,0x24,0xa5,0x87,0x76,0xc1,0x97,
    0x8e,0x84,0xb6,0x97,0xb5,0x5b,0x6a,0x85,0xe5,0x91,0x92,0xe6,0x85,0x85,0xe6,0x92,
    0x72,0x60,0x14,0xbc,0x01,0x57,0xe9,0xea,0x01,0x58,0xbc,0xbc,0xfe,0xa8,0xea,0xd1,
    0xfe,0xc0,0x62,0xfe,0xff,0xbe,0x46,0x01,0xe6,0xef,0x4f,0x01,0x07,0xaf,0xc7,0x01,
    0x1c,0x96,0x96,0xfe,0xe4,0xc7,0xc5,0xfe,0xe5,0x97,0x2e,0x00,0x00,0x02,0x00,0xc5,
    0x00,0x00,0x04,0xca,0x05,0xd2,0x00,0x0f,0x00,0x18,0x00,0x00,0x33,0x11,0x21,0x32,
    0x16,0x15,0x14,0x06,0x07,0x01,0x23,0x01,0x06,0x23,0x21,0x11,0x11,0x21,0x32,0x36,
    0x35,0x34,0x26,0x23,0x21,0xc5,0x01,0xe6,0xed,0xf4,0x8e,0x8a,0x01,0x56,0xa4,0xfe,
    0xbd,0x1b,0x1c,0xfe,0xa7,0x01,0x53,0xad,0xac,0xac,0xae,0xfe,0xae,0x05,0xd2,0xfc,
    0xc5,0x95,0xd9,0x2e,0xfd,0x8b,0x02,0x59,0x02,0xfd,0xa9,0x02,0xd7,0xaa,0x90,0x92,
    0xb0,0x00,0x00,0x01,0x00,0x82,0xff,0xe7,0x04,0x8c,0x05,0xe7,0x00,0x2d,0x00,0x00,
    0x05,0x22,0x24,0x27,0x33,0x16,0x16,0x33,0x32,0x36,0x36,0x35,0x34,0x26,0x27,0x27,
    0x26,0x26,0x35,0x34,0x36,0x36,0x33,0x32,0x16,0x16,0x17,0x23,0x26,0x26,0x23,0x22,
    0x06,0x15,0x14,0x16,0x16,0x17,0x17,0x1e,0x02,0x15,0x14,0x06,0x06,0x02,0x85,0xe5,
    0xfe,0xee,0x0c,0x91,0x0b,0xd3,0x94,0x6f,0xab,0x62,0xaa,0x8c,0xb0,0xb2,0xc0,0x81,
    0xde,0x8a,0x8d,0xd7,0x7d,0x05,0x8b,0x0d,0xc0,0x92,0x99,0xc1,0x57,0x87,0x48,0x9c,
    0x60,0xbb,0x7b,0x7c,0xe9,0x19,0xde,0xb4,0x85,0x8c,0x4a,0x84,0x59,0x70,0x76,0x2a,
    0x33,0x34,0xbb,0x8e,0x79,0xb8,0x67,0x68,0xb2,0x72,0x7c,0x90,0x9b,0x77,0x4d,0x67,
    0x42,0x15,0x2d,0x1b,0x5e,0x9c,0x7b,0x79,0xbe,0x6f,0x00,0x01,0x00,0x6c,0x00,0x00,
    0x04,0xaa,0x05,0xd2,0x00,0x07,0x00,0x00,0x13,0x35,0x21,0x15,0x21,0x11,0x23,0x11,
    0x6c,0x04,0x3e,0xfe,0x29,0x8e,0x05,0x53,0x7f,0x7f,0xfa,0xad,0x05,0x53,0x00,0x01,
    0x00,0xbb,0xff,0xe9,0x05,0x28,0x05,0xd2,0x00,0x15,0x00,0x00,0x05,0x22,0x24,0x26,
    0x35,0x11,0x33,0x11,0x14,0x16,0x16,0x33,0x32,0x36,0x36,0x35,0x11,0x33,0x11,0x14,
    0x06,0x06,0x02,0xf2,0xa8,0xff,0x00,0x8f,0x8e,0x6a,0xbf,0x80,0x80,0xbf,0x69,0x8e,
    0x8f,0xff,0x17,0x89,0xef,0x99,0x03,0xd8,0xfc,0x32,0x75,0xb8,0x6a,0x6a,0xb8,0x75,
    0x03,0xce,0xfc,0x28,0x99,0xef,0x89,0x00,0x00,0x01,0x00,0x39,0x00,0x00,0x05,0x2a,
    0x05,0xd2,0x00,0x0c,0x00,0x00,0x21,0x01,0x33,0x01,0x16,0x16,0x17,0x36,0x36,0x37,
    0x01,0x33,0x01,0x02,0x60,0xfd,0xd9,0x95,0x01,0x62,0x1a,0x42,0x28,0x29,0x41,0x19,
    0x01,0x5c,0x97,0xfd,0xdd,0x05,0xd2,0xfc,0x32,0x47,0xc6,0x83,0x86,0xc3,0x47,0x03,
    0xce,0xfa,0x2e,0x00,0x00,0x01,0x00,0x39,0x00,0x00,0x07,0x83,0x05,0xd2,0x00,0x1a,
    0x00,0x00,0x21,0x01,0x33,0x01,0x16,0x17,0x36,0x37,0x01,0x33,0x01,0x16,0x17,0x36,
    0x36,0x37,0x01,0x33,0x01,0x23,0x01,0x26,0x26,0x27,0x06,0x07,0x01,0x01,0xd4,0xfe,
    0x65,0x91,0x01,0x09,0x30,0x27,0x28,0x30,0x01,0x08,0xa7,0x01,0x07,0x31,0x27,0x14,
    0x2d,0x17,0x01,0x08,0x93,0xfe,0x63,0xab,0xfe,0xf1,0x14,0x28,0x13,0x24,0x2b,0xfe,
    0xf1,0x05,0xd2,0xfc,0x23,0xb8,0xbd,0xc1,0xb4,0x03,0xdd,0xfc,0x23,0xb6,0xbb,0x60,
    0xb7,0x5a,0x03,0xdd,0xfa,0x2e,0x03,0xe5,0x4d,0xa9,0x62,0xb6,0xa2,0xfc,0x1b,0x00,
    0x00,0x01,0x00,0x3c,0x00,0x00,0x05,0x0f,0x05,0xd2,0x00,0x17,0x00,0x00,0x33,0x01,
    0x01,0x33,0x13,0x16,0x16,0x17,0x36,0x36,0x37,0x01,0x33,0x01,0x01,0x23,0x01,0x26,
    0x26,0x27,0x06,0x06,0x07,0x01,0x3c,0x02,0x18,0xfe,0x03,0xa6,0xfe,0x3a,0x49,0x29,
    0x28,0x4a,0x3a,0x01,0x02,0xa2,0xfe,0x03,0x02,0x15,0xa5,0xfe,0xdc,0x34,0x46,0x26,
    0x26,0x47,0x34,0xfe,0xda,0x02,0xf9,0x02,0xd9,0xfe,0x92,0x54,0x72,0x49,0x49,0x73,
    0x53,0x01,0x6e,0xfd,0x2b,0xfd,0x03,0x01,0xa1,0x4a,0x6c,0x45,0x43,0x6e,0x4a,0xfe,
    0x5f,0x00,0x00,0x01,0x00,0x39,0x00,0x00,0x05,0x1b,0x05,0xd2,0x00,0x0e,0x00,0x00,
    0x21,0x11,0x01,0x33,0x01,0x16,0x16,0x17,0x36,0x36,0x37,0x01,0x33,0x01,0x11,0x02,
    0x63,0xfd,0xd6,0xa5,0x01,0x3d,0x28,0x46,0x22,0x23,0x46,0x27,0x01,0x3c,0xa4,0xfd,
    0xd6,0x02,0x82,0x03,0x50,0xfe,0x19,0x3e,0x75,0x47,0x48,0x76,0x3c,0x01,0xe7,0xfc,
    0xb0,0xfd,0x7e,0x00,0x00,0x01,0x00,0x87,0x00,0x00,0x04,0x75,0x05,0xd2,0x00,0x15,
    0x00,0x00,0x33,0x35,0x01,0x36,0x36,0x37,0x06,0x06,0x23,0x21,0x35,0x21,0x15,0x01,
    0x06,0x06,0x07,0x36,0x36,0x33,0x21,0x15,0x8a,0x02,0xb2,0x22,0x4a,0x26,0x4c,0x97,
    0x4b,0xfd,0xe7,0x03,0xe7,0xfd,0x53,0x24,0x4c,0x27,0x4a,0x94,0x4a,0x02,0x23,0x69,
    0x04,0x1c,0x34,0x69,0x34,0x03,0x01,0x80,0x6b,0xfb,0xeb,0x36,0x6b,0x36,0x03,0x01,
    0x7f,0x00,0x00,0x02,0x00,0x61,0xff,0xe7,0x03,0xba,0x04,0x6d,0x00,0x22,0x00,0x31,
    0x00,0x00,0x05,0x22,0x26,0x26,0x35,0x34,0x36,0x36,0x37,0x36,0x36,0x35,0x35,0x34,
    0x26,0x23,0x22,0x06,0x07,0x27,0x3e,0x02,0x33,0x32,0x1e,0x02,0x15,0x11,0x23,0x35,
    0x23,0x06,0x06,0x27,0x32,0x36,0x36,0x35,0x35,0x0e,0x02,0x07,0x06,0x06,0x15,0x14,
    0x16,0x01,0xd1,0x66,0xa7,0x63,0x6e,0xc2,0x7e,0x8b,0x99,0x88,0x7e,0x78,0x95,0x1d,
    0x82,0x25,0x86,0xa7,0x57,0x42,0x8c,0x78,0x4a,0x85,0x0a,0x25,0xad,0x74,0x66,0x96,
    0x52,0x13,0x6a,0x7a,0x2c,0x8d,0x9a,0x90,0x19,0x4f,0x96,0x6d,0x6e,0x83,0x43,0x0f,
    0x11,0x1c,0x40,0x1a,0x70,0x81,0x69,0x46,0x2c,0x5b,0x6e,0x33,0x23,0x53,0x91,0x6f,
    0xfd,0x09,0xb1,0x4d,0x7d,0x79,0x5b,0x97,0x5b,0x9f,0x12,0x1b,0x11,0x06,0x11,0x61,
    0x63,0x64,0x6f,0x00,0x00,0x02,0x00,0xab,0xff,0xe8,0x04,0x60,0x05,0xd2,0x00,0x16,
    0x00,0x26,0x00,0x00,0x05,0x22,0x26,0x26,0x27,0x23,0x15,0x23,0x11,0x33,0x11,0x33,
    0x3e,0x02,0x33,0x32,0x16,0x12,0x15,0x14,0x02,0x06,0x27,0x32,0x36,0x36,0x35,0x34,
    0x26,0x26,0x23,0x22,0x06,0x06,0x15,0x14,0x16,0x16,0x02,0x95,0x65,0x88,0x54,0x16,
    0x0f,0x84,0x88,0x0b,0x16,0x52,0x88,0x67,0x88,0xcf,0x74,0x73,0xcf,0x9b,0x6d,0x98,
    0x4f,0x4e,0x98,0x6e,0x6c,0x97,0x4f,0x50,0x97,0x18,0x49,0x6c,0x34,0xd1,0x05,0xd2,
    0xfd,0xb5,0x33,0x6a,0x49,0x91,0xfe,0xfd,0xad,0xae,0xfe,0xfb,0x91,0x7b,0x7a,0xcf,
    0x81,0x80,0xcd,0x78,0x74,0xcc,0x85,0x85,0xcf,0x76,0x00,0x01,0x00,0x71,0xff,0xeb,
    0x04,0x0e,0x04,0x6d,0x00,0x21,0x00,0x00,0x05,0x22,0x26,0x02,0x35,0x34,0x12,0x36,
    0x33,0x32,0x16,0x16,0x17,0x07,0x2e,0x02,0x23,0x22,0x06,0x06,0x15,0x14,0x16,0x16,
    0x33,0x32,0x36,0x36,0x37,0x17,0x0e,0x02,0x02,0x5f,0x92,0xde,0x7e,0x7e,0xde,0x92,
    0x71,0xb0,0x74,0x16,0x81,0x0d,0x4b,0x7d,0x55,0x72,0x9f,0x54,0x54,0x9f,0x72,0x57,
    0x7e,0x4e,0x0c,0x80,0x15,0x75,0xb3,0x15,0x92,0x01,0x03,0xaa,0xac,0x01,0x04,0x93,
    0x56,0x82,0x45,0x28,0x2a,0x5e,0x42,0x7b,0xcf,0x7e,0x7c,0xce,0x7b,0x44,0x61,0x2b,
    0x28,0x45,0x86,0x57,0x00,0x02,0x00,0x71,0xff,0xe8,0x04,0x25,0x05,0xd2,0x00,0x16,
    0x00,0x26,0x00,0x00,0x05,0x22,0x26,0x02,0x35,0x34,0x12,0x36,0x33,0x32,0x16,0x16,
    0x17,0x33,0x11,0x33,0x11,0x23,0x35,0x23,0x0e,0x02,0x27,0x32,0x36,0x36,0x35,0x34,
    0x26,0x26,0x23,0x22,0x06,0x06,0x15,0x14,0x16,0x16,0x02,0x3b,0x89,0xce,0x73,0x74,
    0xcf,0x88,0x66,0x88,0x53,0x16,0x0b,0x87,0x83,0x0f,0x16,0x54,0x89,0x53,0x6c,0x97,
    0x4f,0x4f,0x97,0x6c,0x6e,0x97,0x4e,0x4f,0x97,0x18,0x91,0x01,0x05,0xae,0xad,0x01,
    0x03,0x91,0x49,0x6a,0x33,0x02,0x4b,0xfa,0x2e,0xd1,0x34,0x6c,0x49,0x7b,0x76,0xcf,
    0x85,0x85,0xcc,0x74,0x78,0xcd,0x80,0x81,0xcf,0x7a,0x00,0x02,0x00,0x71,0xff,0xe8,
    0x04,0x37,0x04,0x6d,0x00,0x17,0x00,0x1f,0x00,0x00,0x05,0x22,0x26,0x02,0x35,0x34,
    0x12,0x36,0x33,0x32,0x16,0x16,0x15,0x15,0x21,0x16,0x16,0x33,0x32,0x36,0x37,0x17,
    0x06,0x06,0x01,0x21,0x26,0x26,0x23,0x22,0x06,0x06,0x02,0x70,0x9d,0xe5,0x7d,0x7b,
    0xdd,0x92,0x7a,0xda,0x88,0xfc,0xc3,0x04,0xca,0xa9,0x75,0x96,0x1f,0x81,0x26,0xdd,
    0xfd,0xe1,0x02,0xb4,0x0b,0xb2,0x96,0x65,0x9a,0x5c,0x18,0x93,0x01,0x04,0xa9,0xa9,
    0x01,0x06,0x96,0x78,0xf6,0xbe,0x3b,0xbf,0xe5,0x6c,0x4a,0x29,0x69,0x9e,0x02,0x93,
    0xa3,0xd5,0x66,0xab,0x00,0x01,0x00,0x11,0x00,0x00,0x02,0xa3,0x06,0x17,0x00,0x18,
    0x00,0x00,0x01,0x15,0x21,0x11,0x23,0x11,0x23,0x35,0x33,0x35,0x34,0x36,0x36,0x33,
    0x32,0x16,0x17,0x07,0x26,0x26,0x23,0x22,0x06,0x15,0x15,0x02,0x7b,0xfe,0xf8,0x87,
    0xdb,0xdb,0x52,0x85,0x4d,0x35,0x49,0x15,0x26,0x10,0x2d,0x22,0x53,0x58,0x04,0x5e,
    0x76,0xfc,0x18,0x03,0xe8,0x76,0xa0,0x5b,0x7d,0x41,0x11,0x09,0x75,0x05,0x0b,0x5e,
    0x57,0x85,0x00,0x02,0x00,0x71,0xfe,0x46,0x04,0x27,0x04,0x6d,0x00,0x23,0x00,0x31,
    0x00,0x00,0x01,0x22,0x26,0x27,0x37,0x16,0x16,0x33,0x32,0x36,0x35,0x35,0x23,0x0e,
    0x02,0x23,0x22,0x26,0x26,0x35,0x34,0x12,0x36,0x33,0x32,0x16,0x16,0x17,0x33,0x35,
    0x33,0x11,0x14,0x06,0x06,0x03,0x32,0x36,0x35,0x34,0x26,0x26,0x23,0x22,0x06,0x06,
    0x15,0x14,0x16,0x02,0x57,0xab,0xdb,0x30,0x70,0x24,0x96,0x8c,0x94,0xb4,0x0d,0x16,
    0x55,0x88,0x64,0x85,0xcf,0x76,0x74,0xd0,0x89,0x66,0x88,0x53,0x16,0x0e,0x84,0x79,
    0xd1,0x8e,0xa0,0xb2,0x4f,0x96,0x6d,0x6e,0x99,0x4e,0xb1,0xfe,0x46,0x80,0x63,0x44,
    0x41,0x6e,0x93,0x9a,0xfb,0x34,0x65,0x41,0x83,0xf6,0xac,0xab,0x01,0x01,0x90,0x49,
    0x6a,0x33,0xd7,0xfb,0x87,0x8e,0xb8,0x59,0x02,0x40,0xe5,0xc9,0x81,0xca,0x73,0x77,
    0xca,0x7d,0xbf,0xef,0x00,0x01,0x00,0xab,0x00,0x00,0x04,0x0b,0x05,0xd2,0x00,0x13,
    0x00,0x00,0x01,0x11,0x23,0x11,0x33,0x11,0x36,0x36,0x33,0x32,0x16,0x15,0x11,0x23,
    0x11,0x34,0x26,0x23,0x22,0x06,0x01,0x33,0x88,0x88,0x34,0xb5,0x70,0xaa,0xd5,0x88,
    0x9a,0x81,0x84,0xb1,0x02,0xb9,0xfd,0x47,0x05,0xd2,0xfd,0xc7,0x6f,0x65,0xd3,0xc7,
    0xfd,0x2d,0x02,0xc9,0x89,0x9f,0xa8,0x00,0xff,0xff,0x00,0x8d,0x00,0x00,0x01,0x53,
    0x05,0xeb,0x02,0x26,0x00,0x24,0x00,0x00,0x00,0x06,0x00,0x64,0x0d,0x00,0x00,0x01,
    0x00,0xab,0x00,0x00,0x01,0x33,0x04,0x5e,0x00,0x03,0x00,0x00,0x33,0x11,0x33,0x11,
    0xab,0x88,0x04,0x5e,0xfb,0xa2,0x00,0x01,0xff,0xe7,0xfe,0x5e,0x01,0x35,0x04,0x5e,
    0x00,0x0b,0x00,0x00,0x13,0x33,0x11,0x14,0x06,0x23,0x23,0x35,0x33,0x32,0x36,0x35,
    0xad,0x88,0xa2,0x8e,0x1e,0x1c,0x4f,0x5b,0x04,0x5e,0xfb,0x37,0x92,0xa5,0x7e,0x60,
    0x59,0x00,0xff,0xff,0xff,0xe7,0xfe,0x5e,0x01,0x54,0x05,0xeb,0x02,0x26,0x00,0x25,
    0x00,0x00,0x00,0x06,0x00,0x64,0x0e,0x00,0x00,0x01,0x00,0xab,0x00,0x00,0x04,0x10,
    0x05,0xd2,0x00,0x0c,0x00,0x00,0x33,0x11,0x33,0x11,0x33,0x01,0x33,0x01,0x01,0x23,
    0x01,0x07,0x11,0xab,0x88,0x10,0x02,0x05,0xab,0xfe,0x25,0x01,0xf8,0xae,0xfe,0x50,
    0x7f,0x05,0xd2,0xfc,0x80,0x02,0x0c,0xfe,0x1f,0xfd,0x83,0x02,0x25,0x78,0xfe,0x53,
    0x00,0x01,0x00,0xab,0x00,0x00,0x01,0x33,0x05,0xd2,0x00,0x03,0x00,0x00,0x01,0x11,
    0x23,0x11,0x01,0x33,0x88,0x05,0xd2,0xfa,0x2e,0x05,0xd2,0x00,0x00,0x01,0x00,0xab,
    0x00,0x00,0x06,0x50,0x04,0x71,0x00,0x22,0x00,0x00,0x33,0x11,0x33,0x17,0x36,0x36,
    0x33,0x32,0x16,0x17,0x36,0x36,0x33,0x32,0x16,0x15,0x11,0x23,0x11,0x34,0x26,0x23,
    0x22,0x06,0x15,0x11,0x23,0x11,0x34,0x26,0x23,0x22,0x06,0x15,0x11,0xab,0x84,0x01,
    0x2a,0xb2,0x63,0x70,0x99,0x1d,0x28,0xbd,0x7a,0x95,0xc7,0x87,0x90,0x69,0x79,0x96,
    0x87,0x87,0x6b,0x70,0xa5,0x04,0x5e,0xcf,0x73,0x6f,0x80,0x6d,0x6f,0x7e,0xc4,0xbc,
    0xfd,0x0f,0x02,0xed,0x87,0x80,0x97,0x7c,0xfd,0x1f,0x02,0xf9,0x74,0x87,0x9a,0x8b,
    0xfd,0x31,0x00,0x01,0x00,0xab,0x00,0x00,0x04,0x0a,0x04,0x6d,0x00,0x13,0x00,0x00,
    0x01,0x11,0x23,0x11,0x33,0x17,0x36,0x36,0x33,0x32,0x16,0x15,0x11,0x23,0x11,0x34,
    0x26,0x23,0x22,0x06,0x01,0x33,0x88,0x83,0x01,0x33,0xb8,0x72,0xaa,0xd4,0x87,0x9a,
    0x81,0x84,0xb1,0x02,0xb9,0xfd,0x47,0x04,0x5e,0xce,0x74,0x69,0xd3,0xc7,0xfd,0x2d,
    0x02,0xc9,0x89,0x9f,0xa8,0x00,0x00,0x02,0x00,0x71,0xff,0xe8,0x04,0x4d,0x04,0x6d,
    0x00,0x0f,0x00,0x1f,0x00,0x00,0x05,0x22,0x26,0x02,0x35,0x34,0x12,0x36,0x33,0x32,
    0x16,0x12,0x15,0x14,0x02,0x06,0x27,0x32,0x36,0x36,0x35,0x34,0x26,0x26,0x23,0x22,
    0x06,0x06,0x15,0x14,0x16,0x16,0x02,0x5f,0x92,0xde,0x7e,0x7e,0xde,0x92,0x91,0xdf,
    0x7e,0x7e,0xdf,0x91,0x73,0x9f,0x54,0x54,0xa0,0x72,0x72,0x9f,0x54,0x53,0xa0,0x18,
    0x93,0x01,0x04,0xaa,0xac,0x01,0x05,0x93,0x93,0xfe,0xfb,0xac,0xaa,0xfe,0xfc,0x93,
    0x7b,0x7c,0xce,0x7c,0x7d,0xcf,0x7d,0x7d,0xcf,0x7d,0x7c,0xce,0x7c,0x00,0x00,0x02,
    0x00,0xab,0xfe,0x5e,0x04,0x60,0x04,0x6d,0x00,0x16,0x00,0x26,0x00,0x00,0x13,0x11,
    0x33,0x15,0x33,0x3e,0x02,0x33,0x32,0x16,0x12,0x15,0x14,0x02,0x06,0x23,0x22,0x26,
    0x26,0x27,0x23,0x11,0x01,0x32,0x36,0x36,0x35,0x34,0x26,0x26,0x23,0x22,0x06,0x06,
    0x15,0x14,0x16,0x16,0xab,0x84,0x0f,0x16,0x52,0x88,0x67,0x88,0xcf,0x74,0x73,0xcf,
    0x89,0x65,0x88,0x54,0x16,0x0b,0x01,0x50,0x6d,0x98,0x4f,0x4e,0x98,0x6e,0x6c,0x97,
    0x4f,0x50,0x97,0xfe,0x5e,0x06,0x00,0xd7,0x33,0x6a,0x49,0x91,0xfe,0xfd,0xad,0xae,
    0xfe,0xfb,0x91,0x49,0x6c,0x34,0xfd,0x8d,0x02,0x05,0x7a,0xcf,0x81,0x80,0xcd,0x78,
    0x74,0xcc,0x85,0x85,0xcf,0x76,0x00,0x02,0x00,0x71,0xfe,0x5e,0x04,0x25,0x04,0x6d,
    0x00,0x16,0x00,0x26,0x00,0x00,0x01,0x23,0x11,0x23,0x0e,0x02,0x23,0x22,0x26,0x02,
    0x35,0x34,0x12,0x36,0x33,0x32,0x16,0x16,0x17,0x33,0x35,0x33,0x01,0x32,0x36,0x36,
    0x35,0x34,0x26,0x26,0x23,0x22,0x06,0x06,0x15,0x14,0x16,0x16,0x04,0x25,0x87,0x0b,
    0x16,0x54,0x89,0x65,0x89,0xce,0x73,0x74,0xcf,0x88,0x66,0x88,0x53,0x16,0x0f,0x83,
    0xfe,0x28,0x6c,0x97,0x4f,0x4f,0x97,0x6c,0x6e,0x97,0x4e,0x4f,0x97,0xfe,0x5e,0x02,
    0x73,0x34,0x6c,0x49,0x91,0x01,0x05,0xae,0xad,0x01,0x03,0x91,0x49,0x6a,0x33,0xd7,
    0xfc,0x05,0x76,0xcf,0x85,0x85,0xcc,0x74,0x78,0xcd,0x80,0x81,0xcf,0x7a,0x00,0x01,
    0x00,0xab,0x00,0x00,0x02,0xae,0x04,0x6d,0x00,0x12,0x00,0x00,0x33,0x11,0x33,0x15,
    0x33,0x36,0x36,0x33,0x32,0x16,0x17,0x15,0x26,0x26,0x23,0x22,0x06,0x15,0x11,0xab,
    0x84,0x0a,0x21,0xa7,0x68,0x10,0x28,0x0d,0x07,0x2e,0x1b,0x82,0xa9,0x04,0x5e,0xae,
    0x56,0x67,0x01,0x01,0x88,0x01,0x06,0xa1,0x7c,0xfd,0x33,0x00,0x00,0x01,0x00,0x75,
    0xff,0xe8,0x03,0xb1,0x04,0x6d,0x00,0x25,0x00,0x00,0x05,0x22,0x26,0x27,0x37,0x16,
    0x16,0x33,0x32,0x36,0x35,0x34,0x27,0x27,0x24,0x35,0x34,0x36,0x36,0x33,0x32,0x16,
    0x17,0x07,0x26,0x26,0x23,0x22,0x06,0x15,0x14,0x17,0x17,0x04,0x15,0x14,0x06,0x06,
    0x02,0x0f,0xa5,0xd7,0x1e,0x82,0x18,0x8f,0x6f,0x7f,0x99,0xb6,0xb6,0xfe,0xe1,0x65,
    0xb1,0x71,0x9e,0xb9,0x27,0x7c,0x1a,0x79,0x6e,0x6f,0x90,0xc8,0xab,0x01,0x1b,0x6a,
    0xbd,0x18,0x95,0x8d,0x1f,0x65,0x63,0x72,0x55,0x88,0x2c,0x2c,0x45,0xe4,0x5e,0x8e,
    0x50,0x8f,0x79,0x20,0x4d,0x65,0x6b,0x53,0x8a,0x30,0x29,0x44,0xe2,0x60,0x94,0x54,
    0x00,0x01,0x00,0x11,0xff,0xec,0x02,0x3a,0x05,0x68,0x00,0x15,0x00,0x00,0x01,0x15,
    0x23,0x11,0x14,0x37,0x32,0x36,0x37,0x17,0x06,0x07,0x06,0x26,0x35,0x11,0x23,0x35,
    0x33,0x11,0x33,0x11,0x02,0x25,0xe6,0x96,0x0e,0x29,0x12,0x1c,0x2b,0x3b,0x85,0x98,
    0xa6,0xa6,0x88,0x04,0x5e,0x76,0xfd,0x20,0xa8,0x0f,0x07,0x04,0x75,0x0e,0x02,0x09,
    0x91,0x82,0x02,0xe9,0x76,0x01,0x0a,0xfe,0xf6,0x00,0x00,0x01,0x00,0xab,0xff,0xf1,
    0x04,0x0b,0x04,0x5e,0x00,0x13,0x00,0x00,0x05,0x22,0x26,0x35,0x11,0x33,0x11,0x14,
    0x16,0x33,0x32,0x36,0x35,0x11,0x33,0x11,0x23,0x35,0x06,0x06,0x02,0x2a,0xaa,0xd5,
    0x88,0x9a,0x81,0x84,0xb1,0x88,0x84,0x34,0xb8,0x0f,0xd3,0xc7,0x02,0xd3,0xfd,0x37,
    0x89,0x9f,0xa8,0x90,0x02,0xb9,0xfb,0xa2,0xcf,0x76,0x68,0x00,0x00,0x01,0x00,0x45,
    0x00,0x00,0x04,0x2d,0x04,0x5e,0x00,0x0c,0x00,0x00,0x21,0x01,0x33,0x01,0x16,0x16,
    0x17,0x36,0x36,0x37,0x01,0x33,0x01,0x01,0xf0,0xfe,0x55,0x94,0x01,0x02,0x1c,0x2c,
    0x17,0x16,0x2c,0x1c,0x01,0x02,0x93,0xfe,0x55,0x04,0x5e,0xfd,0x41,0x4a,0x95,0x49,
    0x49,0x95,0x4a,0x02,0xbf,0xfb,0xa2,0x00,0x00,0x01,0x00,0x4c,0x00,0x00,0x06,0x39,
    0x04,0x5e,0x00,0x1e,0x00,0x00,0x21,0x01,0x33,0x13,0x16,0x16,0x17,0x36,0x36,0x37,
    0x13,0x33,0x13,0x16,0x16,0x17,0x36,0x36,0x37,0x13,0x33,0x01,0x23,0x03,0x26,0x26,
    0x27,0x06,0x06,0x07,0x03,0x01,0x9b,0xfe,0xb1,0x8f,0xac,0x16,0x30,0x18,0x19,0x30,
    0x18,0xb4,0x94,0xb3,0x17,0x30,0x18,0x18,0x30,0x17,0xab,0x8f,0xfe,0xb1,0x8c,0xbf,
    0x18,0x2e,0x16,0x17,0x2e,0x17,0xbf,0x04,0x5e,0xfd,0xa6,0x50,0xb9,0x6e,0x6b,0xb9,
    0x53,0x02,0x5a,0xfd,0xa6,0x51,0xb8,0x6d,0x6c,0xb8,0x52,0x02,0x5a,0xfb,0xa2,0x02,
    0x71,0x52,0xaa,0x59,0x59,0xab,0x51,0xfd,0x8f,0x00,0x00,0x01,0x00,0x3f,0x00,0x00,
    0x03,0xff,0x04,0x5e,0x00,0x17,0x00,0x00,0x33,0x01,0x01,0x33,0x17,0x16,0x16,0x17,
    0x36,0x36,0x37,0x37,0x33,0x01,0x01,0x23,0x03,0x26,0x26,0x27,0x06,0x06,0x07,0x03,
    0x3f,0x01,0x93,0xfe,0x83,0x9f,0xab,0x26,0x3f,0x1f,0x1e,0x3c,0x27,0xad,0x9c,0xfe,
    0x81,0x01,0x91,0x9e,0xc8,0x24,0x3b,0x1c,0x1c,0x38,0x24,0xc9,0x02,0x3d,0x02,0x21,
    0xfb,0x39,0x6a,0x31,0x31,0x6a,0x39,0xfb,0xfd,0xd9,0xfd,0xc9,0x01,0x22,0x36,0x61,
    0x2f,0x2f,0x61,0x36,0xfe,0xde,0x00,0x01,0x00,0x45,0xfe,0x56,0x04,0x2d,0x04,0x5e,
    0x00,0x16,0x00,0x00,0x13,0x37,0x17,0x16,0x36,0x37,0x37,0x01,0x33,0x01,0x16,0x16,
    0x17,0x36,0x36,0x37,0x01,0x33,0x01,0x06,0x23,0x22,0x26,0x8a,0x25,0x10,0x59,0x83,
    0x2b,0x2c,0xfe,0x53,0x94,0x01,0x02,0x1c,0x2c,0x15,0x16,0x2d,0x1c,0x01,0x03,0x93,
    0xfe,0x10,0x5e,0xd4,0x29,0x44,0xfe,0x6d,0x76,0x05,0x1c,0x43,0x78,0x7a,0x04,0x67,
    0xfd,0x41,0x4b,0x95,0x49,0x49,0x95,0x4b,0x02,0xbf,0xfa,0xec,0xf4,0x0e,0x00,0x01,
    0x00,0x89,0x00,0x00,0x03,0xcf,0x04,0x5e,0x00,0x0b,0x00,0x00,0x33,0x35,0x01,0x35,
    0x21,0x35,0x21,0x15,0x01,0x15,0x21,0x15,0x89,0x02,0x81,0xfd,0x9a,0x03,0x13,0xfd,
    0x8c,0x02,0x8c,0x69,0x03,0x6d,0x09,0x7f,0x6f,0xfc,0x99,0x09,0x7f,0x00,0x00,0x03,
    0x00,0x82,0xff,0x31,0x04,0x8c,0x06,0xa1,0x00,0x27,0x00,0x2f,0x00,0x37,0x00,0x00,
    0x05,0x35,0x26,0x26,0x27,0x33,0x16,0x16,0x17,0x11,0x27,0x26,0x26,0x35,0x34,0x36,
    0x36,0x37,0x35,0x33,0x15,0x1e,0x02,0x17,0x23,0x26,0x26,0x27,0x11,0x17,0x1e,0x02,
    0x15,0x14,0x06,0x06,0x07,0x15,0x11,0x36,0x36,0x35,0x34,0x26,0x2f,0x02,0x11,0x06,
    0x06,0x15,0x14,0x16,0x16,0x02,0x59,0xd2,0xfa,0x0b,0x91,0x0b,0xb6,0x85,0x3e,0xb2,
    0xc0,0x71,0xc3,0x7c,0x60,0x82,0xc5,0x73,0x05,0x8b,0x0c,0xa7,0x81,0x3d,0x60,0xbb,
    0x7b,0x70,0xd1,0x92,0x91,0xb7,0xaa,0x8c,0x12,0x60,0x83,0xa2,0x57,0x87,0xcf,0xb7,
    0x0b,0xda,0xac,0x7b,0x8a,0x0a,0x02,0x56,0x12,0x34,0xbb,0x8e,0x71,0xaf,0x6b,0x0a,
    0xbd,0xbb,0x08,0x6a,0xad,0x6c,0x72,0x8e,0x0b,0xfd,0xc9,0x12,0x1b,0x5e,0x9c,0x7b,
    0x72,0xb8,0x72,0x09,0xb7,0x01,0x39,0x0d,0x9e,0x7a,0x70,0x76,0x2a,0x05,0xa6,0x02,
    0x1b,0x0e,0x95,0x6d,0x4d,0x67,0x42,0x00,0x00,0x02,0x00,0x83,0xff,0xec,0x04,0x6e,
    0x05,0xe6,0x00,0x0b,0x00,0x17,0x00,0x00,0x05,0x22,0x00,0x11,0x10,0x00,0x33,0x32,
    0x00,0x11,0x10,0x00,0x27,0x32,0x12,0x11,0x10,0x02,0x23,0x22,0x02,0x11,0x10,0x12,
    0x02,0x79,0xee,0xfe,0xf8,0x01,0x09,0xed,0xeb,0x01,0x0a,0xfe,0xf8,0xed,0xac,0xc0,
    0xc0,0xac,0xad,0xc0,0xc0,0x14,0x01,0x93,0x01,0x69,0x01,0x68,0x01,0x96,0xfe,0x6a,
    0xfe,0x98,0xfe,0x97,0xfe,0x6d,0x7e,0x01,0x51,0x01,0x2d,0x01,0x2e,0x01,0x53,0xfe,
    0xad,0xfe,0xd2,0xfe,0xd3,0xfe,0xaf,0x00,0x00,0x01,0x00,0x71,0x00,0x00,0x02,0x61,
    0x05,0xd2,0x00,0x07,0x00,0x00,0x01,0x11,0x23,0x11,0x23,0x01,0x35,0x25,0x02,0x61,
    0x8c,0x0a,0xfe,0xa6,0x01,0x3f,0x05,0xd2,0xfa,0x2e,0x05,0x4c,0xfe,0xff,0x9a,0xed,
    0x00,0x01,0x00,0xa6,0x00,0x00,0x04,0x4a,0x05,0xe6,0x00,0x1d,0x00,0x00,0x33,0x35,
    0x01,0x3e,0x02,0x35,0x34,0x26,0x23,0x22,0x06,0x15,0x23,0x34,0x36,0x36,0x33,0x32,
    0x16,0x16,0x15,0x14,0x06,0x06,0x07,0x01,0x15,0x21,0x15,0xa6,0x01,0xe9,0x5c,0x74,
    0x36,0xac,0x82,0x88,0xa5,0x89,0x73,0xc8,0x7f,0x7e,0xc3,0x70,0x39,0x8d,0x7d,0xfe,
    0x94,0x02,0xdd,0x68,0x02,0x22,0x68,0x96,0x81,0x46,0x7f,0x9b,0xaa,0x83,0x7c,0xc0,
    0x6e,0x6b,0xb8,0x72,0x52,0x98,0xbf,0x8a,0xfe,0x6b,0x0a,0x7f,0x00,0x01,0x00,0x89,
    0xff,0xec,0x04,0x56,0x05,0xe6,0x00,0x30,0x00,0x00,0x05,0x22,0x26,0x26,0x27,0x33,
    0x1e,0x02,0x33,0x32,0x36,0x36,0x35,0x34,0x26,0x23,0x23,0x35,0x33,0x32,0x36,0x35,
    0x34,0x26,0x23,0x22,0x06,0x06,0x07,0x23,0x3e,0x02,0x33,0x32,0x16,0x16,0x15,0x14,
    0x06,0x07,0x15,0x16,0x16,0x15,0x14,0x06,0x06,0x02,0x70,0x8b,0xda,0x7f,0x03,0x8f,
    0x04,0x5c,0x98,0x5e,0x66,0x9d,0x58,0xcb,0xae,0x58,0x58,0x8f,0xb9,0xa2,0x85,0x56,
    0x8f,0x57,0x02,0x8a,0x03,0x7b,0xce,0x7e,0x84,0xc2,0x6a,0x8a,0x76,0x8f,0xa4,0x7e,
    0xdb,0x14,0x64,0xb2,0x75,0x51,0x79,0x42,0x4c,0x84,0x55,0x86,0xa8,0x7e,0x99,0x80,
    0x7a,0x9a,0x42,0x79,0x52,0x74,0xb2,0x64,0x6c,0xb3,0x6b,0x7f,0xb4,0x23,0x0a,0x1c,
    0xc4,0x8d,0x78,0xbd,0x6e,0x00,0x00,0x02,0x00,0x83,0x00,0x00,0x04,0x87,0x05,0xd2,
    0x00,0x0a,0x00,0x0f,0x00,0x00,0x13,0x35,0x01,0x33,0x11,0x33,0x15,0x23,0x11,0x23,
    0x11,0x37,0x11,0x23,0x01,0x15,0x83,0x02,0x96,0xaa,0xc4,0xc4,0x8a,0x01,0x09,0xfd,
    0xef,0x01,0x3f,0x72,0x04,0x21,0xfb,0xeb,0x7e,0xfe,0xc1,0x01,0x3f,0x7e,0x03,0x56,
    0xfc,0xb4,0x0a,0x00,0x00,0x01,0x00,0x87,0xff,0xec,0x04,0x20,0x05,0xd2,0x00,0x24,
    0x00,0x00,0x05,0x22,0x26,0x26,0x27,0x33,0x16,0x16,0x33,0x32,0x36,0x36,0x35,0x34,
    0x26,0x26,0x23,0x22,0x06,0x07,0x27,0x13,0x21,0x15,0x21,0x03,0x33,0x36,0x36,0x33,
    0x32,0x16,0x16,0x15,0x14,0x06,0x06,0x02,0x41,0x7e,0xc5,0x74,0x03,0x8a,0x06,0xab,
    0x7f,0x64,0x99,0x57,0x5d,0x9d,0x62,0x4c,0x8e,0x2e,0x8e,0x57,0x02,0xe7,0xfd,0x92,
    0x3c,0x08,0x31,0x8f,0x51,0x83,0xd2,0x7b,0x7c,0xd8,0x14,0x66,0xb2,0x73,0x76,0x96,
    0x5e,0xa4,0x68,0x6d,0xa5,0x5e,0x34,0x28,0x12,0x02,0xd7,0x7f,0xfe,0x10,0x2b,0x35,
    0x7e,0xdd,0x91,0x8d,0xde,0x80,0x00,0x02,0x00,0x83,0xff,0xec,0x04,0x4d,0x05,0xe6,
    0x00,0x1e,0x00,0x2e,0x00,0x00,0x05,0x22,0x26,0x26,0x02,0x35,0x34,0x12,0x36,0x33,
    0x32,0x16,0x17,0x23,0x26,0x26,0x23,0x22,0x02,0x11,0x33,0x36,0x36,0x33,0x32,0x16,
    0x16,0x15,0x14,0x06,0x06,0x27,0x32,0x36,0x36,0x35,0x34,0x26,0x26,0x23,0x22,0x06,
    0x06,0x17,0x1e,0x02,0x02,0x73,0x5e,0xb1,0x8e,0x53,0x72,0xe6,0xac,0xb5,0xeb,0x16,
    0x8c,0x14,0x97,0x7f,0xb6,0xc7,0x0a,0x34,0xc7,0x79,0x7c,0xce,0x7b,0x75,0xd6,0x8f,
    0x60,0x98,0x58,0x58,0x98,0x60,0x62,0x9e,0x56,0x07,0x08,0x5a,0x92,0x14,0x4a,0xa4,
    0x01,0x0e,0xc3,0xf2,0x01,0x75,0xd4,0xdb,0xaf,0x73,0x98,0xfe,0xae,0xfe,0xca,0x64,
    0x76,0x7d,0xdb,0x8c,0x86,0xde,0x85,0x7f,0x61,0xa5,0x64,0x64,0xa3,0x5f,0x66,0xa7,
    0x61,0x66,0xa0,0x5c,0x00,0x01,0x00,0x6c,0x00,0x00,0x04,0x0e,0x05,0xd2,0x00,0x07,
    0x00,0x00,0x33,0x01,0x35,0x21,0x35,0x21,0x15,0x01,0xd4,0x02,0xa4,0xfc,0xf4,0x03,
    0xa2,0xfd,0x5b,0x05,0x49,0x0a,0x7f,0x86,0xfa,0xb4,0x00,0x03,0x00,0x83,0xff,0xec,
    0x04,0x61,0x05,0xe6,0x00,0x1f,0x00,0x2d,0x00,0x3b,0x00,0x00,0x05,0x22,0x26,0x26,
    0x35,0x34,0x36,0x36,0x37,0x35,0x26,0x26,0x35,0x34,0x36,0x36,0x33,0x32,0x16,0x16,
    0x15,0x14,0x06,0x07,0x15,0x1e,0x02,0x15,0x14,0x06,0x06,0x27,0x32,0x36,0x35,0x34,
    0x26,0x26,0x23,0x22,0x06,0x06,0x15,0x14,0x16,0x13,0x32,0x36,0x36,0x35,0x34,0x26,
    0x23,0x22,0x06,0x15,0x14,0x16,0x16,0x02,0x71,0x8f,0xe0,0x7f,0x4d,0x87,0x56,0x6f,
    0x87,0x74,0xc8,0x7e,0x7d,0xc8,0x75,0x87,0x6d,0x54,0x87,0x4f,0x81,0xe0,0x8f,0x9d,
    0xc5,0x5e,0x9f,0x65,0x65,0xa0,0x5d,0xc4,0x9e,0x56,0x8a,0x50,0xac,0x84,0x84,0xac,
    0x50,0x89,0x14,0x6b,0xbb,0x76,0x5c,0xa1,0x6e,0x11,0x07,0x20,0xbd,0x78,0x6f,0xb0,
    0x67,0x66,0xb1,0x6f,0x78,0xbd,0x20,0x07,0x11,0x6e,0xa1,0x5c,0x76,0xbb,0x6b,0x7d,
    0xa6,0x80,0x59,0x8b,0x52,0x52,0x8b,0x59,0x80,0xa6,0x02,0xd3,0x4a,0x7f,0x52,0x79,
    0x99,0x99,0x79,0x52,0x7f,0x4a,0x00,0x02,0x00,0x83,0xff,0xec,0x04,0x4d,0x05,0xe8,
    0x00,0x1e,0x00,0x2e,0x00,0x00,0x05,0x22,0x26,0x27,0x33,0x16,0x16,0x33,0x32,0x12,
    0x11,0x23,0x06,0x06,0x23,0x22,0x26,0x26,0x35,0x34,0x36,0x36,0x17,0x1e,0x02,0x12,
    0x15,0x14,0x02,0x06,0x03,0x32,0x36,0x36,0x27,0x2e,0x02,0x23,0x22,0x06,0x06,0x15,
    0x14,0x16,0x16,0x02,0x4a,0xb6,0xeb,0x16,0x8d,0x13,0x98,0x7f,0xb5,0xc8,0x0a,0x33,
    0xc7,0x79,0x7d,0xcf,0x7b,0x76,0xd7,0x8f,0x5d,0xb1,0x8d,0x53,0x72,0xe4,0x9a,0x63,
    0x9d,0x58,0x07,0x08,0x5b,0x92,0x5c,0x60,0x97,0x58,0x58,0x97,0x14,0xdd,0xb1,0x75,
    0x9a,0x01,0x52,0x01,0x38,0x63,0x77,0x7d,0xdb,0x8c,0x86,0xde,0x85,0x02,0x01,0x4a,
    0xa3,0xfe,0xf4,0xc3,0xf3,0xfe,0x8a,0xd4,0x02,0xad,0x67,0xa7,0x62,0x64,0x9f,0x5b,
    0x61,0xa3,0x64,0x64,0xa3,0x5f,0x00,0x03,0x00,0x71,0xff,0xec,0x04,0xdb,0x05,0xe2,
    0x00,0x25,0x00,0x30,0x00,0x3d,0x00,0x00,0x05,0x22,0x26,0x26,0x35,0x34,0x36,0x36,
    0x37,0x37,0x26,0x26,0x35,0x34,0x36,0x36,0x33,0x32,0x16,0x16,0x15,0x14,0x06,0x07,
    0x07,0x01,0x36,0x36,0x37,0x17,0x06,0x06,0x07,0x17,0x23,0x27,0x06,0x06,0x13,0x01,
    0x07,0x06,0x06,0x15,0x14,0x16,0x33,0x32,0x36,0x01,0x37,0x36,0x36,0x35,0x34,0x26,
    0x23,0x22,0x06,0x15,0x14,0x16,0x02,0x3a,0x8a,0xcd,0x72,0x46,0x82,0x5c,0x0f,0x57,
    0x68,0x58,0x9d,0x67,0x67,0x99,0x54,0x6b,0x60,0x6c,0x01,0x66,0x20,0x28,0x04,0x83,
    0x04,0x4d,0x2a,0xc3,0xa4,0x72,0x45,0xd1,0xc6,0xfe,0x81,0x3c,0x6a,0x55,0xaf,0x87,
    0x5e,0xa6,0xfe,0xd8,0x64,0x3e,0x5e,0x6f,0x59,0x5e,0x7a,0x56,0x14,0x6b,0xb7,0x71,
    0x58,0x86,0x7a,0x44,0x0b,0x69,0xa5,0x67,0x5f,0x94,0x54,0x53,0x8d,0x58,0x63,0x9e,
    0x48,0x51,0xfe,0x48,0x3a,0x8a,0x4f,0x02,0x8b,0xb6,0x38,0xf0,0x8b,0x49,0x56,0x01,
    0x01,0x01,0xd6,0x2c,0x4f,0x81,0x4c,0x79,0x9e,0x48,0x02,0xc8,0x4a,0x2e,0x71,0x4f,
    0x55,0x6a,0x74,0x5b,0x4b,0x83,0x00,0x02,0x00,0xb5,0xff,0xf4,0x01,0x8c,0x05,0xd2,
    0x00,0x03,0x00,0x0f,0x00,0x00,0x13,0x03,0x33,0x03,0x03,0x22,0x26,0x35,0x34,0x36,
    0x33,0x32,0x16,0x15,0x14,0x06,0xdd,0x08,0x97,0x09,0x42,0x2d,0x3f,0x3f,0x2d,0x2c,
    0x3f,0x3f,0x01,0xd0,0x04,0x02,0xfb,0xfe,0xfe,0x24,0x3f,0x2c,0x2d,0x3f,0x3f,0x2d,
    0x2c,0x3f,0x00,0x02,0x00,0x57,0xff,0xf4,0x03,0x96,0x05,0xe6,0x00,0x1f,0x00,0x2b,
    0x00,0x00,0x01,0x35,0x34,0x36,0x36,0x37,0x36,0x36,0x35,0x34,0x26,0x23,0x22,0x06,
    0x07,0x23,0x3e,0x02,0x33,0x32,0x16,0x16,0x15,0x14,0x06,0x07,0x0e,0x02,0x15,0x15,
    0x03,0x22,0x26,0x35,0x34,0x36,0x33,0x32,0x16,0x15,0x14,0x06,0x01,0x8d,0x30,0x5f,
    0x47,0x51,0x58,0x9e,0x73,0x6c,0xa5,0x05,0x8e,0x03,0x71,0xbd,0x73,0x7a,0xb9,0x68,
    0x67,0x68,0x42,0x4e,0x22,0x42,0x2d,0x3f,0x3f,0x2d,0x2c,0x3f,0x3f,0x01,0xbf,0x29,
    0x71,0x87,0x59,0x2d,0x34,0x7d,0x54,0x74,0x8e,0x8d,0x84,0x79,0xb1,0x60,0x63,0xad,
    0x6f,0x70,0xa3,0x43,0x2b,0x4c,0x63,0x4f,0x29,0xfe,0x35,0x3f,0x2c,0x2d,0x3f,0x3f,
    0x2d,0x2c,0x3f,0x00,0x00,0x01,0x00,0xe1,0xfe,0xe9,0x02,0x5a,0x06,0x2d,0x00,0x0d,
    0x00,0x00,0x13,0x34,0x12,0x12,0x37,0x33,0x06,0x02,0x15,0x14,0x12,0x17,0x23,0x02,
    0xe1,0x3d,0x6d,0x4a,0x85,0x72,0x7d,0x75,0x7a,0x85,0xf4,0x02,0x6d,0xa1,0x01,0x57,
    0x01,0x45,0x83,0xe9,0xfe,0x09,0xe0,0xd3,0xfe,0x4b,0xfc,0x01,0xbd,0x00,0x00,0x01,
    0x00,0x6f,0xfe,0xe9,0x01,0xe9,0x06,0x2e,0x00,0x0e,0x00,0x00,0x13,0x12,0x12,0x35,
    0x34,0x02,0x27,0x33,0x16,0x12,0x12,0x15,0x14,0x02,0x07,0x6f,0x7d,0x73,0x7e,0x72,
    0x86,0x49,0x6e,0x3d,0x7e,0x76,0xfe,0xe9,0x01,0x01,0x01,0xb5,0xcf,0xe0,0x01,0xf7,
    0xe9,0x84,0xfe,0xbc,0xfe,0xa8,0xa0,0xe3,0xfe,0x37,0xd9,0x00,0x00,0x01,0x00,0xec,
    0xfe,0xe9,0x02,0x43,0x06,0x2d,0x00,0x07,0x00,0x00,0x13,0x11,0x21,0x15,0x23,0x11,
    0x33,0x15,0xec,0x01,0x57,0xd5,0xd5,0xfe,0xe9,0x07,0x44,0x75,0xf9,0xa6,0x75,0x00,
    0x00,0x01,0x00,0x87,0xfe,0xe9,0x01,0xdd,0x06,0x2d,0x00,0x07,0x00,0x00,0x13,0x35,
    0x33,0x11,0x23,0x35,0x21,0x11,0x87,0xd4,0xd4,0x01,0x56,0xfe,0xe9,0x75,0x06,0x59,
    0x76,0xf8,0xbc,0x00,0x00,0x01,0x00,0x99,0xfe,0xe9,0x02,0xcd,0x06,0x2d,0x00,0x21,
    0x00,0x00,0x01,0x22,0x26,0x35,0x11,0x34,0x26,0x27,0x23,0x35,0x33,0x36,0x36,0x35,
    0x11,0x34,0x36,0x33,0x15,0x26,0x06,0x15,0x11,0x14,0x06,0x07,0x15,0x16,0x16,0x15,
    0x11,0x14,0x16,0x33,0x02,0xcd,0xbc,0x9e,0x53,0x6a,0x1d,0x1e,0x69,0x53,0x9e,0xbc,
    0x7a,0x62,0x46,0x66,0x66,0x46,0x61,0x7b,0xfe,0xe9,0xae,0xbe,0x01,0x17,0x71,0x65,
    0x05,0x89,0x05,0x62,0x71,0x01,0x19,0xbd,0xaf,0x74,0x01,0x78,0x83,0xfe,0xc2,0x5d,
    0x7a,0x19,0x0c,0x1a,0x7b,0x5c,0xfe,0xc3,0x83,0x79,0x00,0x01,0x00,0x87,0xfe,0xe9,
    0x02,0xbb,0x06,0x2d,0x00,0x20,0x00,0x00,0x13,0x35,0x32,0x36,0x35,0x11,0x34,0x36,
    0x37,0x35,0x26,0x26,0x35,0x11,0x34,0x26,0x23,0x35,0x32,0x16,0x15,0x11,0x14,0x16,
    0x17,0x33,0x15,0x06,0x06,0x15,0x11,0x14,0x06,0x87,0x7b,0x61,0x46,0x66,0x66,0x46,
    0x61,0x7b,0xbb,0x9f,0x5c,0x78,0x06,0x7c,0x5e,0x9f,0xfe,0xe9,0x72,0x79,0x83,0x01,
    0x3d,0x5c,0x7b,0x1a,0x0c,0x1a,0x7a,0x5c,0x01,0x3e,0x83,0x77,0x74,0xaf,0xbd,0xfe,
    0xe7,0x77,0x61,0x01,0x87,0x01,0x63,0x78,0xfe,0xe9,0xbe,0xae,0x00,0x02,0x00,0x83,
    0xfe,0x75,0x07,0x42,0x05,0x9c,0x00,0x42,0x00,0x50,0x00,0x00,0x01,0x20,0x24,0x02,
    0x11,0x10,0x12,0x24,0x21,0x32,0x04,0x16,0x12,0x15,0x14,0x0e,0x02,0x23,0x22,0x26,
    0x26,0x27,0x23,0x06,0x06,0x23,0x22,0x26,0x26,0x35,0x34,0x36,0x36,0x33,0x32,0x16,
    0x17,0x33,0x35,0x33,0x11,0x14,0x16,0x33,0x32,0x36,0x35,0x34,0x02,0x26,0x24,0x23,
    0x22,0x04,0x02,0x15,0x14,0x12,0x04,0x33,0x32,0x36,0x37,0x17,0x06,0x06,0x03,0x32,
    0x36,0x35,0x34,0x26,0x23,0x22,0x06,0x06,0x15,0x14,0x16,0x16,0x04,0x07,0xfe,0xeb,
    0xfe,0x6c,0xdb,0xdc,0x01,0x8f,0x01,0x0b,0xc4,0x01,0x37,0xdb,0x73,0x20,0x4e,0x87,
    0x67,0x36,0x68,0x48,0x06,0x07,0x23,0x99,0x72,0x7f,0xb6,0x61,0x6c,0xbb,0x76,0x66,
    0x96,0x23,0x09,0x79,0x3b,0x41,0x75,0x6b,0x62,0xba,0xfe,0xf3,0xab,0xe3,0xfe,0xac,
    0xbd,0xbe,0x01,0x5d,0xf0,0x78,0xdc,0x3e,0x27,0x51,0xf7,0xb3,0x93,0x9b,0xa2,0x89,
    0x58,0x85,0x4a,0x42,0x83,0xfe,0x75,0xe1,0x01,0x9d,0x01,0x18,0x01,0x12,0x01,0x9b,
    0xe4,0x88,0xeb,0xfe,0xd3,0xa5,0x68,0xc8,0xa1,0x5f,0x23,0x52,0x45,0x4f,0x6e,0x83,
    0xe0,0x8a,0x86,0xd7,0x7d,0x5c,0x3e,0x85,0xfd,0x5d,0x4b,0x54,0xe6,0xdf,0x8e,0x01,
    0x05,0xcb,0x76,0xca,0xfe,0x96,0xf2,0xf4,0xfe,0x98,0xc6,0x41,0x22,0x6a,0x2c,0x3d,
    0x02,0x24,0xca,0xb4,0xb3,0xad,0x60,0xa0,0x60,0x66,0xae,0x6a,0x00,0x02,0x00,0x26,
    0x00,0x00,0x04,0xe9,0x05,0xd2,0x00,0x1b,0x00,0x1f,0x00,0x00,0x21,0x13,0x21,0x03,
    0x23,0x13,0x23,0x37,0x33,0x13,0x23,0x37,0x33,0x13,0x33,0x03,0x21,0x13,0x33,0x03,
    0x33,0x07,0x23,0x03,0x33,0x07,0x23,0x03,0x01,0x21,0x13,0x21,0x02,0xd9,0x47,0xfe,
    0x69,0x46,0x74,0x46,0xef,0x14,0xee,0x41,0xec,0x14,0xeb,0x47,0x74,0x47,0x01,0x98,
    0x47,0x74,0x47,0xed,0x12,0xee,0x41,0xec,0x13,0xec,0x46,0xfe,0x4d,0x01,0x97,0x42,
    0xfe,0x68,0x01,0xac,0xfe,0x54,0x01,0xac,0x74,0x01,0x91,0x74,0x01,0xad,0xfe,0x53,
    0x01,0xad,0xfe,0x53,0x74,0xfe,0x6f,0x74,0xfe,0x54,0x02,0x20,0x01,0x91,0x00,0x01,
    0x00,0x35,0xff,0x20,0x02,0x94,0x06,0x18,0x00,0x03,0x00,0x00,0x01,0x01,0x23,0x01,
    0x02,0x94,0xfe,0x20,0x7f,0x01,0xe0,0x06,0x18,0xf9,0x08,0x06,0xf8,0x00,0x00,0x01,
    0x01,0x04,0xfe,0x20,0x01,0x7c,0x07,0xb2,0x00,0x03,0x00,0x00,0x01,0x11,0x23,0x11,
    0x01,0x7c,0x78,0x07,0xb2,0xf6,0x6e,0x09,0x92,0x00,0x00,0x01,0x00,0x35,0xff,0x20,
    0x02,0x93,0x06,0x18,0x00,0x03,0x00,0x00,0x05,0x01,0x33,0x01,0x02,0x15,0xfe,0x20,
    0x7e,0x01,0xe0,0xe0,0x06,0xf8,0xf9,0x08,0x00,0x01,0x00,0x99,0x02,0x3e,0x03,0x07,
    0x02,0xbc,0x00,0x03,0x00,0x00,0x01,0x15,0x21,0x35,0x03,0x07,0xfd,0x92,0x02,0xbc,
    0x7e,0x7e,0x00,0x01,0x00,0xa7,0x03,0xc2,0x01,0x9d,0x05,0xd2,0x00,0x03,0x00,0x00,
    0x13,0x13,0x33,0x03,0xa7,0x5c,0x9a,0x8d,0x03,0xc2,0x02,0x10,0xfd,0xf0,0x00,0x01,
    0x00,0xe1,0x03,0xc2,0x01,0x74,0x05,0xd2,0x00,0x03,0x00,0x00,0x13,0x03,0x33,0x03,
    0xf2,0x11,0x93,0x11,0x03,0xc2,0x02,0x10,0xfd,0xf0,0xff,0xff,0x00,0xe1,0x03,0xc2,
    0x02,0xa4,0x05,0xd2,0x00,0x26,0x00,0x52,0x00,0x00,0x00,0x07,0x00,0x52,0x01,0x30,
    0x00,0x00,0xff,0xff,0x00,0x8e,0xfe,0xad,0x01,0x84,0x00,0xbd,0x00,0x07,0x00,0x51,
    0xff,0xe7,0xfa,0xeb,0x00,0x01,0x00,0xb5,0xff,0xf4,0x01,0x8d,0x00,0xcc,0x00,0x0b,
    0x00,0x00,0x05,0x22,0x26,0x35,0x34,0x36,0x33,0x32,0x16,0x15,0x14,0x06,0x01,0x21,
    0x2d,0x3f,0x3f,0x2d,0x2d,0x3f,0x3f,0x0c,0x3f,0x2d,0x2d,0x3f,0x3f,0x2d,0x2d,0x3f,
    0xff,0xff,0x00,0xb5,0xff,0xf4,0x01,0x8d,0x04,0x29,0x02,0x26,0x00,0x55,0x00,0x00,
    0x00,0x07,0x00,0x55,0x00,0x00,0x03,0x5d,0xff,0xff,0x00,0x8e,0xfe,0xad,0x01,0xa2,
    0x04,0x29,0x00,0x27,0x00,0x51,0xff,0xe7,0xfa,0xeb,0x00,0x07,0x00,0x55,0x00,0x15,
    0x03,0x5d,0x00,0x01,0x00,0xbb,0x00,0x2b,0x04,0x3a,0x04,0x62,0x00,0x07,0x00,0x00,
    0x13,0x35,0x01,0x15,0x01,0x15,0x01,0x15,0xbb,0x03,0x7f,0xfd,0x2d,0x02,0xd3,0x02,
    0x15,0x64,0x01,0xe9,0x95,0xfe,0x7e,0x0a,0xfe,0x7e,0x94,0x00,0x00,0x01,0x01,0x00,
    0x00,0x2b,0x04,0x7f,0x04,0x62,0x00,0x07,0x00,0x00,0x01,0x01,0x35,0x01,0x35,0x01,
    0x35,0x01,0x04,0x7f,0xfc,0x81,0x02,0xd3,0xfd,0x2d,0x03,0x7f,0x02,0x15,0xfe,0x16,
    0x94,0x01,0x82,0x0a,0x01,0x82,0x95,0xfe,0x17,0x00,0x00,0x02,0x00,0xfd,0x01,0x36,
    0x04,0x3e,0x03,0x57,0x00,0x03,0x00,0x07,0x00,0x00,0x13,0x35,0x21,0x15,0x01,0x35,
    0x21,0x15,0xfd,0x03,0x41,0xfc,0xbf,0x03,0x41,0x02,0xd9,0x7e,0x7e,0xfe,0x5d,0x7e,
    0x7e,0x00,0x00,0x01,0x00,0xcf,0x00,0x78,0x04,0x6b,0x04,0x15,0x00,0x0b,0x00,0x00,
    0x25,0x11,0x21,0x35,0x21,0x11,0x33,0x11,0x21,0x15,0x21,0x11,0x02,0x5d,0xfe,0x72,
    0x01,0x8e,0x80,0x01,0x8e,0xfe,0x72,0x78,0x01,0x92,0x7a,0x01,0x91,0xfe,0x6f,0x7a,
    0xfe,0x6e,0x00,0x01,0x00,0xb0,0x01,0xab,0x04,0x8a,0x02,0xee,0x00,0x1b,0x00,0x00,
    0x13,0x3e,0x02,0x33,0x32,0x16,0x17,0x16,0x16,0x33,0x32,0x36,0x37,0x17,0x0e,0x02,
    0x23,0x26,0x26,0x27,0x26,0x26,0x23,0x22,0x06,0x07,0xb0,0x02,0x4f,0x7f,0x49,0x49,
    0x76,0x45,0x31,0x46,0x2b,0x43,0x55,0x06,0x7d,0x04,0x51,0x7b,0x46,0x48,0x72,0x43,
    0x32,0x49,0x2f,0x44,0x5a,0x02,0x01,0xc7,0x67,0x82,0x3e,0x3d,0x39,0x28,0x28,0x59,
    0x51,0x04,0x65,0x81,0x3d,0x01,0x3c,0x37,0x29,0x29,0x54,0x58,0x00,0x01,0x00,0x00,
    0xff,0x82,0x03,0x95,0x00,0x00,0x00,0x03,0x00,0x00,0x21,0x15,0x21,0x35,0x03,0x95,
    0xfc,0x6b,0x7e,0x7e,0x00,0x01,0x00,0x57,0x03,0x2e,0x03,0x3e,0x05,0xa3,0x00,0x07,
    0x00,0x00,0x13,0x01,0x33,0x01,0x23,0x03,0x23,0x03,0x57,0x01,0x2b,0x91,0x01,0x2b,
    0x87,0xe8,0x09,0xe7,0x03,0x2e,0x02,0x75,0xfd,0x8b,0x01,0xf3,0xfe,0x0d,0x00,0x01,
    0x00,0x79,0x02,0x8c,0x03,0x88,0x05,0xd2,0x00,0x11,0x00,0x00,0x01,0x13,0x05,0x27,
    0x25,0x25,0x37,0x05,0x03,0x33,0x03,0x25,0x17,0x05,0x05,0x07,0x25,0x13,0x01,0xc9,
    0x08,0xfe,0xe0,0x38,0x01,0x2a,0xfe,0xd6,0x38,0x01,0x20,0x08,0x70,0x08,0x01,0x1f,
    0x38,0xfe,0xd6,0x01,0x2a,0x38,0xfe,0xe1,0x08,0x02,0x8c,0x01,0x51,0xb1,0x62,0xa0,
    0xa1,0x62,0xb0,0x01,0x51,0xfe,0xaf,0xb0,0x62,0xa1,0xa0,0x62,0xb1,0xfe,0xaf,0x00,
    0x00,0x05,0x00,0xdc,0xff,0xe7,0x06,0xa3,0x05,0xe7,0x00,0x0d,0x00,0x1b,0x00,0x1f,
    0x00,0x2d,0x00,0x3b,0x00,0x00,0x01,0x22,0x26,0x35,0x35,0x34,0x36,0x33,0x32,0x16,
    0x15,0x15,0x14,0x06,0x01,0x22,0x26,0x35,0x35,0x34,0x36,0x33,0x32,0x16,0x15,0x15,
    0x14,0x06,0x25,0x01,0x33,0x01,0x25,0x32,0x36,0x35,0x35,0x34,0x26,0x23,0x22,0x06,
    0x15,0x15,0x14,0x16,0x01,0x32,0x36,0x35,0x35,0x34,0x26,0x23,0x22,0x06,0x15,0x15,
    0x14,0x16,0x01,0xf1,0x82,0x93,0x94,0x81,0x82,0x91,0x92,0x03,0x1d,0x82,0x93,0x95,
    0x80,0x83,0x91,0x93,0xfb,0x6b,0x03,0xff,0x83,0xfc,0x01,0x03,0x91,0x4f,0x4f,0x4e,
    0x50,0x4e,0x51,0x50,0xfc,0xb1,0x4e,0x50,0x4e,0x50,0x4e,0x52,0x51,0x03,0x4f,0xad,
    0x7d,0x44,0x7d,0xad,0xad,0x7d,0x44,0x7d,0xad,0xfc,0x98,0xae,0x7d,0x43,0x7e,0xad,
    0xad,0x7e,0x43,0x7d,0xae,0x19,0x05,0xd2,0xfa,0x2e,0x4e,0x72,0x52,0x43,0x52,0x73,
    0x73,0x52,0x43,0x52,0x72,0x03,0x67,0x73,0x51,0x44,0x51,0x73,0x73,0x51,0x44,0x51,
    0x73,0x00,0xff,0xff,0x00,0xa0,0x04,0xf6,0x01,0xca,0x06,0x16,0x00,0x06,0x00,0x62,
    0x00,0x00,0x00,0x01,0x00,0xa0,0x04,0xf6,0x01,0xca,0x06,0x16,0x00,0x03,0x00,0x00,
    0x01,0x03,0x33,0x13,0x01,0x58,0xb8,0x9a,0x90,0x04,0xf6,0x01,0x20,0xfe,0xe0,0x00,
    0x00,0x01,0x00,0x80,0x05,0x2d,0x01,0x46,0x05,0xeb,0x00,0x0b,0x00,0x00,0x13,0x22,
    0x26,0x35,0x34,0x36,0x33,0x32,0x16,0x15,0x14,0x06,0xe3,0x29,0x3a,0x3a,0x29,0x29,
    0x3a,0x3a,0x05,0x2d,0x38,0x27,0x27,0x38,0x38,0x27,0x27,0x38,0x00,0x01,0x00,0x00,
    0x00,0x65,0x00,0x74,0x00,0x0a,0x00,0x6c,0x00,0x07,0x00,0x01,0x00,0x00,0x00,0x00,
    0x00,0x00,0x00,0x00,0x00,0x00,0x00,0x00,0x00,0x07,0x00,0x01,0x00,0x00,0x00,0x00,
    0x00,0x24,0x00,0x5b,0x00,0x91,0x00,0xb9,0x00,0xd0,0x00,0xe5,0x01,0x20,0x01,0x37,
    0x01,0x45,0x01,0x62,0x01,0x84,0x01,0x93,0x01,0xc9,0x01,0xf0,0x02,0x28,0x02,0x4d,
    0x02,0x90,0x02,0xbb,0x02,0xff,0x03,0x11,0x03,0x36,0x03,0x54,0x03,0x8a,0x03,0xbb,
    0x03,0xdc,0x04,0x03,0x04,0x4c,0x04,0x87,0x04,0xbc,0x04,0xf7,0x05,0x2c,0x05,0x53,
    0x05,0x9c,0x05,0xbe,0x05,0xc9,0x05,0xd5,0x05,0xeb,0x05,0xf6,0x06,0x12,0x06,0x20,
    0x06,0x53,0x06,0x75,0x06,0xa9,0x06,0xe5,0x07,0x21,0x07,0x40,0x07,0x7a,0x07,0x9f,
    0x07,0xc0,0x07,0xde,0x08,0x17,0x08,0x45,0x08,0x71,0x08,0x89,0x08,0xde,0x09,0x0e,
    0x09,0x22,0x09,0x50,0x09,0x95,0x09,0xb4,0x09,0xed,0x0a,0x34,0x0a,0x47,0x0a,0x9d,
    0x0a,0xe5,0x0b,0x45,0x0b,0x63,0x0b,0xa4,0x0b,0xc1,0x0b,0xe0,0x0b,0xf2,0x0c,0x04,
    0x0c,0x37,0x0c,0x68,0x0c,0xe0,0x0d,0x19,0x0d,0x29,0x0d,0x37,0x0d,0x46,0x0d,0x53,
    0x0d,0x61,0x0d,0x6f,0x0d,0x7b,0x0d,0x84,0x0d,0x9a,0x0d,0xa6,0x0d,0xb3,0x0d,0xc8,
    0x0d,0xdf,0x0d,0xf3,0x0e,0x0b,0x0e,0x38,0x0e,0x44,0x0e,0x59,0x0e,0x82,0x0e,0xdb,
    0x0e,0xe3,0x0e,0xf2,0x0e,0xf2,0x0f,0x08,0x00,0x01,0x00,0x00,0x00,0x04,0x00,0x42,
    0xac,0x46,0xba,0xc0,0x5f,0x0f,0x3c,0xf5,0x00,0x07,0x08,0x00,0x00,0x00,0x00,0x00,
    0xe3,0x5d,0x94,0x32,0x00,0x00,0x00,0x00,0xe3,0x5d,0x94,0x7b,0xfa,0x37,0xfd,0x72,
    0x14,0xaa,0x08,0xd7,0x00,0x00,0x00,0x03,0x00,0x02,0x00,0x00,0x00,0x00,0x00,0x00,
    0x05,0x40,0x01,0x48,0x05,0x63,0x00,0x39,0x05,0x32,0x00,0xc5,0x05,0xd3,0x00,0x83,
    0x05,0xc1,0x00,0xc5,0x04,0xc3,0x00,0xc5,0x04,0xb5,0x00,0xc5,0x05,0xf3,0x00,0x83,
    0x05,0xec,0x00,0xc5,0x02,0x19,0x00,0xc5,0x04,0x89,0x00,0x78,0x05,0x2d,0x00,0xc5,
    0x04,0x84,0x00,0xc5,0x07,0x34,0x00,0xc5,0x06,0x13,0x00,0xc5,0x06,0x12,0x00,0x83,
    0x05,0x06,0x00,0xc5,0x06,0x12,0x00,0x83,0x05,0x13,0x00,0xc5,0x05,0x0e,0x00,0x82,
    0x05,0x16,0x00,0x6c,0x05,0xe3,0x00,0xbb,0x05,0x63,0x00,0x39,0x07,0xbb,0x00,0x39,
    0x05,0x4b,0x00,0x3c,0x05,0x54,0x00,0x39,0x04,0xf9,0x00,0x87,0x04,0x65,0x00,0x61,
    0x04,0xd1,0x00,0xab,0x04,0x79,0x00,0x71,0x04,0xd1,0x00,0x71,0x04,0xa3,0x00,0x71,
    0x02,0xc2,0x00,0x11,0x04,0xd2,0x00,0x71,0x04,0xb6,0x00,0xab,0x01,0xde,0x00,0x8d,
    0x01,0xde,0x00,0xab,0x01,0xe0,0xff,0xe7,0x01,0xe0,0xff,0xe7,0x04,0x3a,0x00,0xab,
    0x01,0xde,0x00,0xab,0x06,0xfb,0x00,0xab,0x04,0xb5,0x00,0xab,0x04,0xbe,0x00,0x71,
    0x04,0xd1,0x00,0xab,0x04,0xd1,0x00,0x71,0x02,0xe0,0x00,0xab,0x04,0x21,0x00,0x75,
    0x02,0x63,0x00,0x11,0x04,0xb6,0x00,0xab,0x04,0x73,0x00,0x45,0x06,0x85,0x00,0x4c,
    0x04,0x3f,0x00,0x3f,0x04,0x73,0x00,0x45,0x04,0x57,0x00,0x89,0x05,0x0e,0x00,0x82,
    0x04,0xf1,0x00,0x83,0x03,0x26,0x00,0x71,0x04,0xe9,0x00,0xa6,0x04,0xd9,0x00,0x89,
    0x05,0x08,0x00,0x83,0x04,0xa3,0x00,0x87,0x04,0xd0,0x00,0x83,0x04,0x7a,0x00,0x6c,
    0x04,0xe4,0x00,0x83,0x04,0xd0,0x00,0x83,0x04,0xfe,0x00,0x71,0x02,0x41,0x00,0xb5,
    0x04,0x01,0x00,0x57,0x02,0xc9,0x00,0xe1,0x02,0xc9,0x00,0x6f,0x02,0xc9,0x00,0xec,
    0x02,0xc9,0x00,0x87,0x03,0x54,0x00,0x99,0x03,0x54,0x00,0x87,0x07,0xc5,0x00,0x83,
    0x05,0x11,0x00,0x26,0x02,0xc9,0x00,0x35,0x02,0x80,0x01,0x04,0x02,0xc8,0x00,0x35,
    0x03,0x9f,0x00,0x99,0x01,0xf0,0x00,0xa7,0x02,0x55,0x00,0xe1,0x03,0x85,0x00,0xe1,
    0x02,0x42,0x00,0x8e,0x02,0x42,0x00,0xb5,0x02,0x42,0x00,0xb5,0x02,0x57,0x00,0x8e,
    0x05,0x3a,0x00,0xbb,0x05,0x3a,0x01,0x00,0x05,0x3a,0x00,0xfd,0x05,0x3a,0x00,0xcf,
    0x05,0x3a,0x00,0xb0,0x03,0x95,0x00,0x00,0x03,0x95,0x00,0x57,0x04,0x01,0x00,0x79,
    0x07,0x7f,0x00,0xdc,0x02,0x78,0x00,0xa0,0x00,0x00,0x00,0xa0,0x02,0x40,0x00,0x00,
    0x00,0x00,0x00,0x80,0x00,0x01,0x00,0x00,0x07,0xc0,0xfe,0x12,0x00,0x00,0x15,0x74,
    0xfa,0x37,0xf7,0xad,0x14,0xaa,0x08,0x00,0x00,0x00,0x00,0x00,0x00,0x00,0x00,0x00,
    0x00,0x00,0x00,0x00,0x00,0x00,0x00,0x65,0x00,0x04,0x05,0x09,0x01,0x2c,0x00,0x05,
    0x00,0x00,0x05,0x33,0x04,0xcd,0x00,0x00,0x00,0x9a,0x05,0x33,0x04,0xcd,0x00,0x00,
    0x02,0xcd,0x00,0x6d,0x02,0x9f,0x00,0x00,0x02,0x00,0x04,0x03,0x00,0x00,0x00,0x02,
    0x00,0x04,0x00,0x00,0x00,0x01,0x00,0x00,0x00,0x00,0x00,0x00,0x00,0x00,0x00,0x00,
    0x00,0x00,0x52,0x53,0x4d,0x53,0x00,0xc0,0x00,0x20,0x00,0x7e,0x07,0xc0,0xfe,0x12,
    0x00,0x00,0x07,0xc0,0x01,0xee,0x00,0x00,0x00,0x01,0x00,0x00,0x00,0x00,0x04,0x5e,
    0x05,0xd2,0x00,0x00,0x00,0x20,0x00,0x0c,0x00,0x00,0x00,0x02,0x00,0x00,0x00,0x03,
    0x00,0x00,0x00,0x14,0x00,0x03,0x00,0x01,0x00,0x00,0x00,0x14,0x00,0x04,0x00,0x9a,
    0x00,0x00,0x00,0x12,0x00,0x10,0x00,0x03,0x00,0x02,0x00,0x2f,0x00,0x39,0x00,0x40,
    0x00,0x5a,0x00,0x60,0x00,0x69,0x00,0x7a,0x00,0x7e,0xff,0xff,0x00,0x00,0x00,0x20,
    0x00,0x30,0x00,0x3a,0x00,0x41,0x00,0x5b,0x00,0x61,0x00,0x6a,0x00,0x7b,0xff,0xff,
    0x00,0x00,0x00,0x08,0x00,0x00,0xff,0xc0,0x00,0x00,0xff,0xba,0xff,0xbc,0x00,0x00,
    0x00,0x01,0x00,0x12,0x00,0x00,0x00,0x2e,0x00,0x00,0x00,0x38,0x00,0x00,0x00,0x00,
    0x00,0x3e,0x00,0x00,0x00,0x63,0x00,0x43,0x00,0x53,0x00,0x4c,0x00,0x37,0x00,0x60,
    0x00,0x42,0x00,0x52,0x00,0x45,0x00,0x46,0x00,0x5f,0x00,0x5b,0x00,0x54,0x00,0x50,
    0x00,0x55,0x00,0x4d,0x00,0x56,0x00,0x57,0x00,0x58,0x00,0x5a,0x00,0x59,0x00,0x44,
    0x00,0x4b,0x00,0x47,0x00,0x4f,0x00,0x48,0x00,0x5e,0x00,0x5d,0x00,0x61,0x00,0x49,
    0x00,0x4e,0x00,0x4a,0x00,0x5c,0x00,0x00,0x00,0x00,0x00,0x07,0x00,0x5a,0x00,0x03,
    0x00,0x01,0x04,0x09,0x00,0x00,0x00,0x50,0x00,0x00,0x00,0x03,0x00,0x01,0x04,0x09,
    0x00,0x01,0x00,0x16,0x00,0x50,0x00,0x03,0x00,0x01,0x04,0x09,0x00,0x02,0x00,0x0e,
    0x00,0x66,0x00,0x03,0x00,0x01,0x04,0x09,0x00,0x03,0x00,0x48,0x00,0x74,0x00,0x03,
    0x00,0x01,0x04,0x09,0x00,0x04,0x00,0x16,0x00,0x50,0x00,0x03,0x00,0x01,0x04,0x09,
    0x00,0x05,0x00,0x36,0x00,0xbc,0x00,0x03,0x00,0x01,0x04,0x09,0x00,0x06,0x00,0x16,
    0x00,0xf2,0x00,0x43,0x00,0x6f,0x00,0x70,0x00,0x79,0x00,0x72,0x00,0x69,0x00,0x67,
    0x00,0x68,0x00,0x74,0x00,0x20,0x00,0x32,0x00,0x30,0x00,0x31,0x00,0x36,0x00,0x20,
    0x00,0x54,0x00,0x68,0x00,0x65,0x00,0x20,0x00,0x49,0x00,0x6e,0x00,0x74,0x00,0x65,
    0x00,0x72,0x00,0x20,0x00,0x50,0x00,0x72,0x00,0x6f,0x00,0x6a,0x00,0x65,0x00,0x63,
    0x00,0x74,0x00,0x20,0x00,0x41,0x00,0x75,0x00,0x74,0x00,0x68,0x00,0x6f,0x00,0x72,
    0x00,0x73,0x00,0x49,0x00,0x6e,0x00,0x74,0x00,0x65,0x00,0x72,0x00,0x20,0x00,0x4c,
    0x00,0x69,0x00,0x67,0x00,0x68,0x00,0x74,0x00,0x52,0x00,0x65,0x00,0x67,0x00,0x75,
    0x00,0x6c,0x00,0x61,0x00,0x72,0x00,0x34,0x00,0x2e,0x00,0x30,0x00,0x30,0x00,0x31,
    0x00,0x3b,0x00,0x67,0x00,0x69,0x00,0x74,0x00,0x2d,0x00,0x39,0x00,0x32,0x00,0x32,
    0x00,0x31,0x00,0x62,0x00,0x65,0x00,0x65,0x00,0x64,0x00,0x33,0x00,0x3b,0x00,0x52,
    0x00,0x53,0x00,0x4d,0x00,0x53,0x00,0x3b,0x00,0x49,0x00,0x6e,0x00,0x74,0x00,0x65,
    0x00,0x72,0x00,0x2d,0x00,0x4c,0x00,0x69,0x00,0x67,0x00,0x68,0x00,0x74,0x00,0x56,
    0x00,0x65,0x00,0x72,0x00,0x73,0x00,0x69,0x00,0x6f,0x00,0x6e,0x00,0x20,0x00,0x34,
    0x00,0x2e,0x00,0x30,0x00,0x30,0x00,0x31,0x00,0x3b,0x00,0x67,0x00,0x69,0x00,0x74,
    0x00,0x2d,0x00,0x39,0x00,0x32,0x00,0x32,0x00,0x31,0x00,0x62,0x00,0x65,0x00,0x65,
    0x00,0x64,0x00,0x33,0x00,0x49,0x00,0x6e,0x00,0x74,0x00,0x65,0x00,0x72,0x00,0x2d,
    0x00,0x4c,0x00,0x69,0x00,0x67,0x00,0x68,0x00,0x74,0x00,0x00,0x00,0x03,0x00,0x00,
    0x00,0x00,0x00,0x00,0xfe,0x94,0x00,0x6d,0x00,0x00,0x00,0x00,0x00,0x00,0x00,0x00,
    0x00,0x00,0x00,0x00,0x00,0x00,0x00,0x00,0x00,0x00,0x00,0x00,0x00,0x01,0x00,0x01,
    0xff,0xff,0x00,0x0f,0x00,0x01,0x00,0x00,0x00,0x0c,0x00,0x00,0x00,0x00,0x00,0x00,
    0x00,0x02,0x00,0x04,0x00,0x01,0x00,0x23,0x00,0x01,0x00,0x27,0x00,0x38,0x00,0x01,
    0x00,0x3a,0x00,0x3b,0x00,0x01,0x00,0x47,0x00,0x48,0x00,0x01,0x00,0x01,0x00,0x00,
    0x00,0x0a,0x00,0x1c,0x00,0x1e,0x00,0x01,0x44,0x46,0x4c,0x54,0x00,0x08,0x00,0x04,
    0x00,0x00,0x00,0x00,0xff,0xff,0x00,0x00,0x00,0x00,0x00,0x00,0x00,0x01,0x00,0x00,
    0x00,0x0a,0x00,0x26,0x00,0x28,0x00,0x02,0x44,0x46,0x4c,0x54,0x00,0x0e,0x6c,0x61,
    0x74,0x6e,0x00,0x18,0x00,0x04,0x00,0x00,0x00,0x00,0xff,0xff,0x00,0x00,0x00,0x00,
    0x00,0x00,0x00,0x00,0x00,0x00,0x00,0x00,
};

static const unsigned char kInterRegular[9496] = {
    0x00,0x01,0x00,0x00,0x00,0x0e,0x00,0x80,0x00,0x03,0x00,0x60,0x47,0x44,0x45,0x46,
    0x00,0xcc,0x00,0xd2,0x00,0x00,0x24,0xa4,0x00,0x00,0x00,0x28,0x47,0x50,0x4f,0x53,
    0x44,0x76,0x4c,0x75,0x00,0x00,0x24,0xcc,0x00,0x00,0x00,0x20,0x47,0x53,0x55,0x42,
    0xb8,0xfa,0xb8,0xf4,0x00,0x00,0x24,0xec,0x00,0x00,0x00,0x2a,0x4f,0x53,0x2f,0x32,
    0x70,0x4e,0x72,0xe8,0x00,0x00,0x21,0xf4,0x00,0x00,0x00,0x60,0x63,0x6d,0x61,0x70,
    0x08,0x65,0x08,0x30,0x00,0x00,0x22,0x54,0x00,0x00,0x00,0xae,0x67,0x61,0x73,0x70,
    0x00,0x00,0x00,0x10,0x00,0x00,0x24,0x9c,0x00,0x00,0x00,0x08,0x67,0x6c,0x79,0x66,
    0x12,0x7a,0x79,0xa7,0x00,0x00,0x00,0xec,0x00,0x00,0x1e,0x2a,0x68,0x65,0x61,0x64,
    0x34,0x9a,0x73,0xfe,0x00,0x00,0x20,0x04,0x00,0x00,0x00,0x36,0x68,0x68,0x65,0x61,
    0x16,0x84,0x13,0x53,0x00,0x00,0x21,0xd0,0x00,0x00,0x00,0x24,0x68,0x6d,0x74,0x78,
    0xb6,0x0e,0x32,0xc5,0x00,0x00,0x20,0x3c,0x00,0x00,0x01,0x94,0x6c,0x6f,0x63,0x61,
    0x92,0x21,0x99,0x3f,0x00,0x00,0x1f,0x38,0x00,0x00,0x00,0xcc,0x6d,0x61,0x78,0x70,
    0x00,0x7e,0x00,0xef,0x00,0x00,0x1f,0x18,0x00,0x00,0x00,0x20,0x6e,0x61,0x6d,0x65,
    0x1c,0xad,0x35,0xc7,0x00,0x00,0x23,0x04,0x00,0x00,0x01,0x78,0x70,0x6f,0x73,0x74,
    0xfe,0xa7,0x00,0x8c,0x00,0x00,0x24,0x7c,0x00,0x00,0x00,0x20,0x00,0x02,0x00,0x34,
    0x00,0x00,0x05,0x51,0x05,0xd2,0x00,0x07,0x00,0x10,0x00,0x00,0x33,0x01,0x33,0x01,
    0x23,0x03,0x21,0x03,0x13,0x21,0x03,0x26,0x26,0x27,0x06,0x06,0x07,0x34,0x02,0x1d,
    0xdc,0x02,0x24,0xc8,0x95,0xfd,0x9a,0x90,0xca,0x01,0xf1,0x6c,0x1b,0x44,0x30,0x2f,
    0x46,0x18,0x05,0xd2,0xfa,0x2e,0x01,0xa0,0xfe,0x60,0x02,0x46,0x01,0x2e,0x4b,0xd9,
    0xa2,0xa5,0xdc,0x45,0x00,0x03,0x00,0xb4,0x00,0x00,0x04,0xc8,0x05,0xd2,0x00,0x13,
    0x00,0x1d,0x00,0x26,0x00,0x00,0x33,0x11,0x21,0x32,0x16,0x16,0x15,0x14,0x06,0x06,
    0x07,0x15,0x1e,0x02,0x15,0x14,0x06,0x06,0x23,0x25,0x21,0x32,0x36,0x35,0x34,0x26,
    0x26,0x23,0x21,0x35,0x21,0x32,0x36,0x35,0x34,0x26,0x23,0x21,0xb4,0x02,0x10,0x9c,
    0xcb,0x63,0x44,0x6f,0x41,0x46,0x8b,0x5d,0x67,0xdc,0xb0,0xfe,0x9d,0x01,0x5e,0xae,
    0x93,0x4c,0x8b,0x60,0xfe,0x98,0x01,0x48,0x78,0xa6,0x87,0x91,0xfe,0xb2,0x05,0xd2,
    0x6b,0xb3,0x6d,0x60,0x7d,0x4a,0x12,0x0e,0x04,0x58,0xa2,0x75,0x70,0xb4,0x69,0xa8,
    0x86,0x61,0x4b,0x7e,0x4c,0xa0,0x8c,0x73,0x61,0x86,0x00,0x01,0x00,0x7a,0xff,0xec,
    0x05,0x68,0x05,0xe6,0x00,0x21,0x00,0x00,0x05,0x22,0x24,0x02,0x35,0x34,0x12,0x24,
    0x33,0x32,0x16,0x16,0x17,0x23,0x2e,0x02,0x23,0x22,0x06,0x02,0x15,0x14,0x12,0x16,
    0x33,0x32,0x36,0x36,0x37,0x33,0x0e,0x02,0x03,0x0f,0xbf,0xfe,0xd5,0xab,0xab,0x01,
    0x2b,0xbf,0x97,0xfd,0xab,0x1a,0xbe,0x15,0x79,0xac,0x61,0x86,0xd8,0x7e,0x7f,0xd8,
    0x85,0x62,0xab,0x79,0x15,0xbe,0x1a,0xa9,0xfd,0x14,0xb9,0x01,0x57,0xec,0xed,0x01,
    0x57,0xba,0x75,0xda,0x9a,0x66,0x8c,0x47,0x88,0xfe,0xf9,0xbf,0xbe,0xfe,0xf9,0x87,
    0x48,0x8c,0x65,0x97,0xdc,0x76,0x00,0x02,0x00,0xb4,0x00,0x00,0x05,0x4c,0x05,0xd2,
    0x00,0x0a,0x00,0x13,0x00,0x00,0x21,0x21,0x11,0x21,0x32,0x04,0x12,0x15,0x14,0x02,
    0x04,0x25,0x21,0x20,0x00,0x11,0x10,0x00,0x21,0x21,0x02,0x85,0xfe,0x2f,0x01,0xe4,
    0xda,0x01,0x35,0xa5,0xa6,0xfe,0xc2,0xfe,0x0a,0x01,0x07,0x01,0x10,0x01,0x0b,0xfe,
    0xfa,0xfe,0xfd,0xfe,0xe7,0x05,0xd2,0xb2,0xfe,0xb3,0xe7,0xe9,0xfe,0xb1,0xb4,0xa8,
    0x01,0x35,0x01,0x0f,0x01,0x0d,0x01,0x31,0x00,0x01,0x00,0xb4,0x00,0x00,0x04,0x49,
    0x05,0xd2,0x00,0x0b,0x00,0x00,0x33,0x11,0x21,0x15,0x21,0x11,0x21,0x15,0x21,0x11,
    0x21,0x15,0xb4,0x03,0x8c,0xfd,0x32,0x02,0x9d,0xfd,0x63,0x02,0xd7,0x05,0xd2,0xa8,
    0xfe,0x1a,0xa8,0xfe,0x0c,0xa8,0x00,0x01,0x00,0xb4,0x00,0x00,0x04,0x39,0x05,0xd2,
    0x00,0x09,0x00,0x00,0x33,0x11,0x21,0x15,0x21,0x11,0x21,0x15,0x21,0x11,0xb4,0x03,
    0x85,0xfd,0x39,0x02,0x83,0xfd,0x7d,0x05,0xd2,0xa8,0xfe,0x02,0xa8,0xfd,0x7c,0x00,
    0x00,0x01,0x00,0x7a,0xff,0xec,0x05,0x78,0x05,0xe6,0x00,0x23,0x00,0x00,0x05,0x22,
    0x24,0x02,0x35,0x34,0x12,0x24,0x33,0x32,0x04,0x16,0x17,0x23,0x26,0x26,0x23,0x22,
    0x06,0x02,0x15,0x14,0x12,0x16,0x33,0x32,0x36,0x36,0x37,0x21,0x35,0x21,0x15,0x14,
    0x02,0x04,0x03,0x15,0xc7,0xfe,0xd4,0xa8,0xa8,0x01,0x28,0xbf,0x9e,0x01,0x01,0xaa,
    0x1b,0xc4,0x2e,0xd3,0x9e,0x83,0xd6,0x7e,0x7f,0xda,0x89,0x7c,0xbe,0x6d,0x02,0xfe,
    0x7e,0x02,0x3c,0x9e,0xfe,0xed,0x14,0xba,0x01,0x57,0xeb,0xed,0x01,0x57,0xba,0x7b,
    0xdb,0x91,0x8f,0xa8,0x87,0xfe,0xf9,0xc0,0xbe,0xfe,0xfa,0x88,0x68,0xc0,0x83,0xa6,
    0xa3,0xb9,0xfe,0xf0,0x95,0x00,0x00,0x01,0x00,0xb4,0x00,0x00,0x05,0x3e,0x05,0xd2,
    0x00,0x0b,0x00,0x00,0x33,0x11,0x33,0x11,0x21,0x11,0x33,0x11,0x23,0x11,0x21,0x11,
    0xb4,0xbe,0x03,0x0e,0xbe,0xbe,0xfc,0xf2,0x05,0xd2,0xfd,0x7c,0x02,0x84,0xfa,0x2e,
    0x02,0xa6,0xfd,0x5a,0x00,0x01,0x00,0xb4,0x00,0x00,0x01,0x72,0x05,0xd2,0x00,0x03,
    0x00,0x00,0x01,0x11,0x23,0x11,0x01,0x72,0xbe,0x05,0xd2,0xfa,0x2e,0x05,0xd2,0x00,
    0x00,0x01,0x00,0x64,0xff,0xec,0x03,0xdd,0x05,0xd2,0x00,0x11,0x00,0x00,0x05,0x22,
    0x26,0x35,0x35,0x33,0x15,0x14,0x16,0x33,0x32,0x36,0x35,0x11,0x33,0x11,0x14,0x06,
    0x02,0x21,0xc5,0xf8,0xbe,0x8c,0x73,0x72,0x8c,0xbe,0xf7,0x14,0xe8,0xd6,0x50,0x50,
    0x88,0x8f,0x8f,0x88,0x04,0x28,0xfb,0xd8,0xd6,0xe8,0x00,0x01,0x00,0xb4,0x00,0x00,
    0x05,0x27,0x05,0xd2,0x00,0x0f,0x00,0x00,0x33,0x11,0x33,0x11,0x03,0x36,0x36,0x37,
    0x01,0x33,0x01,0x01,0x23,0x01,0x07,0x11,0xb4,0xbe,0x03,0x3e,0x7f,0x44,0x01,0xbd,
    0xf9,0xfd,0xa6,0x02,0x5b,0xe1,0xfe,0x03,0xd7,0x05,0xd2,0xfe,0x02,0xfe,0xee,0x51,
    0x94,0x4a,0x01,0xe1,0xfd,0x7b,0xfc,0xb3,0x02,0xcc,0xe3,0xfe,0x17,0x00,0x00,0x01,
    0x00,0xb4,0x00,0x00,0x04,0x24,0x05,0xd2,0x00,0x05,0x00,0x00,0x33,0x11,0x33,0x11,
    0x21,0x15,0xb4,0xbe,0x02,0xb2,0x05,0xd2,0xfa,0xd6,0xa8,0x00,0x00,0x01,0x00,0xb4,
    0x00,0x00,0x06,0x86,0x05,0xd2,0x00,0x1e,0x00,0x00,0x33,0x11,0x21,0x01,0x16,0x16,
    0x17,0x36,0x36,0x37,0x01,0x21,0x11,0x23,0x11,0x34,0x36,0x37,0x06,0x06,0x07,0x01,
    0x23,0x01,0x26,0x26,0x27,0x16,0x16,0x15,0x11,0xb4,0x01,0x0e,0x01,0x6f,0x15,0x3e,
    0x1b,0x1a,0x3e,0x16,0x01,0x6a,0x01,0x0f,0xbb,0x04,0x03,0x29,0x53,0x1a,0xfe,0xb3,
    0xa5,0xfe,0xae,0x19,0x51,0x2c,0x02,0x05,0x05,0xd2,0xfc,0x54,0x36,0xc2,0x5b,0x58,
    0xc3,0x38,0x03,0xac,0xfa,0x2e,0x03,0x53,0x52,0xee,0x74,0x80,0xf2,0x42,0xfc,0xad,
    0x03,0x53,0x3f,0xef,0x83,0x6a,0xf1,0x56,0xfc,0xad,0x00,0x01,0x00,0xb4,0x00,0x00,
    0x05,0x53,0x05,0xd2,0x00,0x16,0x00,0x00,0x33,0x11,0x33,0x01,0x16,0x16,0x17,0x26,
    0x26,0x35,0x11,0x33,0x11,0x23,0x01,0x2e,0x02,0x27,0x16,0x16,0x15,0x11,0xb4,0xe0,
    0x02,0x5e,0x1e,0x5f,0x33,0x09,0x04,0xbe,0xe2,0xfd,0xe4,0x22,0x43,0x52,0x3a,0x06,
    0x09,0x05,0xd2,0xfc,0x47,0x30,0xa3,0x65,0x6c,0xb7,0x3c,0x03,0x92,0xfa,0x2e,0x03,
    0x50,0x35,0x70,0x92,0x67,0x8f,0xd7,0x36,0xfc,0xae,0x00,0x02,0x00,0x7a,0xff,0xec,
    0x05,0xa4,0x05,0xe6,0x00,0x0f,0x00,0x1f,0x00,0x00,0x05,0x22,0x24,0x02,0x35,0x34,
    0x12,0x24,0x33,0x32,0x04,0x12,0x15,0x14,0x02,0x04,0x27,0x32,0x36,0x12,0x35,0x34,
    0x02,0x26,0x23,0x22,0x06,0x02,0x15,0x14,0x12,0x16,0x03,0x10,0xbf,0xfe,0xd5,0xac,
    0xac,0x01,0x2b,0xbf,0xbf,0x01,0x2a,0xab,0xab,0xfe,0xd6,0xbf,0x85,0xd7,0x7f,0x7f,
    0xd7,0x85,0x86,0xd8,0x7f,0x7f,0xd8,0x14,0xb9,0x01,0x57,0xec,0xed,0x01,0x57,0xba,
    0xba,0xfe,0xa9,0xed,0xec,0xfe,0xa9,0xb9,0xb0,0x87,0x01,0x07,0xbe,0xc0,0x01,0x07,
    0x87,0x88,0xfe,0xf9,0xbf,0xbe,0xfe,0xfa,0x88,0x00,0x00,0x02,0x00,0xb4,0x00,0x00,
    0x04,0xae,0x05,0xd2,0x00,0x0c,0x00,0x15,0x00,0x00,0x33,0x11,0x21,0x32,0x16,0x16,
    0x15,0x14,0x06,0x06,0x23,0x21,0x11,0x11,0x21,0x32,0x36,0x35,0x34,0x26,0x23,0x21,
    0xb4,0x01,0xfe,0xae,0xe1,0x6d,0x6d,0xe0,0xae,0xfe,0xbf,0x01,0x38,0xb1,0x96,0x96,
    0xb3,0xfe,0xca,0x05,0xd2,0x7f,0xd6,0x85,0x85,0xd8,0x80,0xfd,0xe5,0x02,0xc2,0xb1,
    0x85,0x84,0xaf,0x00,0x00,0x02,0x00,0x7a,0xff,0x74,0x05,0xa4,0x05,0xe6,0x00,0x13,
    0x00,0x27,0x00,0x00,0x05,0x22,0x24,0x02,0x35,0x34,0x12,0x24,0x33,0x32,0x04,0x12,
    0x15,0x14,0x02,0x07,0x17,0x23,0x27,0x06,0x03,0x33,0x17,0x36,0x36,0x35,0x34,0x02,
    0x26,0x23,0x22,0x06,0x02,0x15,0x14,0x12,0x16,0x33,0x32,0x37,0x03,0x10,0xbf,0xfe,
    0xd5,0xac,0xac,0x01,0x2b,0xbf,0xbf,0x01,0x2a,0xab,0x8b,0x79,0xc0,0xc6,0x81,0x7a,
    0xcd,0xc6,0x9c,0x54,0x63,0x7f,0xd7,0x85,0x86,0xd8,0x7f,0x7f,0xd8,0x86,0x51,0x49,
    0x14,0xb9,0x01,0x57,0xec,0xed,0x01,0x57,0xba,0xba,0xfe,0xa9,0xed,0xd3,0xfe,0xc0,
    0x62,0xff,0xad,0x35,0x01,0xe6,0xcd,0x49,0xf3,0xa7,0xc0,0x01,0x07,0x87,0x88,0xfe,
    0xf9,0xbf,0xbe,0xfe,0xfa,0x88,0x19,0x00,0x00,0x02,0x00,0xb4,0x00,0x00,0x04,0xe8,
    0x05,0xd2,0x00,0x10,0x00,0x19,0x00,0x00,0x33,0x11,0x21,0x32,0x16,0x16,0x15,0x14,
    0x06,0x07,0x01,0x23,0x01,0x06,0x23,0x21,0x11,0x11,0x21,0x32,0x36,0x35,0x34,0x26,
    0x23,0x21,0xb4,0x01,0xfe,0xae,0xe1,0x6d,0x87,0x8d,0x01,0x4e,0xdc,0xfe,0xca,0x11,
    0x12,0xfe,0xbf,0x01,0x38,0xb0,0x97,0x97,0xb2,0xfe,0xca,0x05,0xd2,0x77,0xd0,0x85,
    0x94,0xdc,0x31,0xfd,0x9b,0x02,0x43,0x01,0xfd,0xbe,0x02,0xeb,0x98,0x83,0x85,0xa0,
    0x00,0x01,0x00,0x74,0xff,0xe6,0x04,0xae,0x05,0xe6,0x00,0x30,0x00,0x00,0x05,0x22,
    0x24,0x27,0x33,0x1e,0x02,0x33,0x32,0x36,0x36,0x35,0x34,0x26,0x26,0x27,0x27,0x26,
    0x26,0x35,0x34,0x36,0x36,0x33,0x32,0x16,0x16,0x17,0x23,0x26,0x26,0x23,0x22,0x06,
    0x15,0x14,0x16,0x16,0x17,0x17,0x1e,0x03,0x15,0x14,0x06,0x06,0x02,0x91,0xf2,0xfe,
    0xe2,0x0d,0xc3,0x08,0x62,0x99,0x57,0x65,0xa1,0x5e,0x51,0x86,0x50,0xb4,0xb4,0xc8,
    0x88,0xe8,0x90,0x93,0xe2,0x83,0x04,0xba,0x0d,0xb6,0x85,0x91,0xb0,0x61,0x85,0x36,
    0x95,0x3c,0x91,0x84,0x55,0x7f,0xf2,0x1a,0xe5,0xbb,0x54,0x6d,0x35,0x42,0x78,0x4f,
    0x48,0x5a,0x3a,0x16,0x33,0x33,0xbe,0x94,0x7e,0xbd,0x68,0x68,0xb3,0x71,0x6d,0x77,
    0x89,0x69,0x4e,0x5f,0x35,0x0f,0x29,0x10,0x38,0x5d,0x8f,0x68,0x7a,0xc4,0x72,0x00,
    0x00,0x01,0x00,0x62,0x00,0x00,0x04,0xc8,0x05,0xd2,0x00,0x07,0x00,0x00,0x13,0x35,
    0x21,0x15,0x21,0x11,0x23,0x11,0x62,0x04,0x66,0xfe,0x2d,0xbe,0x05,0x2a,0xa8,0xa8,
    0xfa,0xd6,0x05,0x2a,0x00,0x01,0x00,0xb4,0xff,0xe8,0x05,0x40,0x05,0xd2,0x00,0x15,
    0x00,0x00,0x05,0x22,0x24,0x26,0x35,0x11,0x33,0x11,0x14,0x16,0x16,0x33,0x32,0x36,
    0x36,0x35,0x11,0x33,0x11,0x14,0x06,0x04,0x02,0xfb,0xb0,0xfe,0xf9,0x90,0xbe,0x5f,
    0xb0,0x7a,0x7a,0xaf,0x5e,0xbe,0x90,0xfe,0xfb,0x18,0x8a,0xf0,0x99,0x03,0xd7,0xfc,
    0x38,0x6b,0xa7,0x60,0x60,0xa7,0x6b,0x03,0xc8,0xfc,0x29,0x99,0xf0,0x8a,0x00,0x01,
    0x00,0x34,0x00,0x00,0x05,0x51,0x05,0xd2,0x00,0x0c,0x00,0x00,0x21,0x01,0x33,0x01,
    0x16,0x16,0x17,0x36,0x36,0x37,0x01,0x33,0x01,0x02,0x58,0xfd,0xdc,0xc8,0x01,0x3b,
    0x19,0x47,0x2f,0x2f,0x47,0x18,0x01,0x33,0xca,0xfd,0xe2,0x05,0xd2,0xfc,0x8c,0x45,
    0xdf,0xa0,0xa4,0xdb,0x45,0x03,0x74,0xfa,0x2e,0x00,0x00,0x01,0x00,0x34,0x00,0x00,
    0x07,0xae,0x05,0xd2,0x00,0x1d,0x00,0x00,0x21,0x01,0x33,0x13,0x16,0x16,0x17,0x36,
    0x36,0x37,0x13,0x33,0x13,0x16,0x17,0x36,0x36,0x37,0x13,0x33,0x01,0x23,0x01,0x26,
    0x26,0x27,0x06,0x06,0x07,0x03,0x01,0xca,0xfe,0x6a,0xc2,0xec,0x18,0x2c,0x14,0x14,
    0x2c,0x1a,0xf1,0xd8,0xef,0x32,0x29,0x13,0x2d,0x18,0xeb,0xc4,0xfe,0x68,0xdd,0xff,
    0x00,0x13,0x25,0x11,0x11,0x22,0x16,0xff,0x05,0xd2,0xfc,0x6e,0x60,0xc6,0x69,0x69,
    0xc6,0x60,0x03,0x92,0xfc,0x6e,0xbb,0xce,0x67,0xc3,0x5f,0x03,0x92,0xfa,0x2e,0x03,
    0xb0,0x47,0xa2,0x62,0x5b,0x9f,0x51,0xfc,0x50,0x00,0x00,0x01,0x00,0x39,0x00,0x00,
    0x05,0x3c,0x05,0xd2,0x00,0x19,0x00,0x00,0x33,0x01,0x01,0x33,0x13,0x1e,0x02,0x17,
    0x3e,0x02,0x37,0x13,0x33,0x01,0x01,0x23,0x01,0x26,0x26,0x27,0x06,0x06,0x07,0x01,
    0x39,0x02,0x16,0xfe,0x0b,0xdc,0xd7,0x2c,0x3a,0x2f,0x1b,0x1a,0x30,0x3b,0x2c,0xdb,
    0xd7,0xfe,0x0b,0x02,0x11,0xdb,0xfe,0xfb,0x38,0x44,0x25,0x24,0x46,0x39,0xfe,0xf9,
    0x02,0xfb,0x02,0xd7,0xfe,0xc4,0x40,0x5a,0x53,0x34,0x34,0x53,0x5a,0x40,0x01,0x3c,
    0xfd,0x30,0xfc,0xfe,0x01,0x7a,0x52,0x6b,0x49,0x47,0x6d,0x52,0xfe,0x86,0x00,0x01,
    0x00,0x34,0x00,0x00,0x05,0x3a,0x05,0xd2,0x00,0x0e,0x00,0x00,0x21,0x11,0x01,0x33,
    0x01,0x16,0x16,0x17,0x36,0x36,0x37,0x01,0x33,0x01,0x11,0x02,0x58,0xfd,0xdc,0xdc,
    0x01,0x27,0x26,0x3e,0x1e,0x1e,0x3e,0x24,0x01,0x26,0xdb,0xfd,0xdc,0x02,0x62,0x03,
    0x70,0xfe,0x1f,0x3e,0x6f,0x46,0x48,0x70,0x3b,0x01,0xe1,0xfc,0x90,0xfd,0x9e,0x00,
    0x00,0x01,0x00,0x7a,0x00,0x00,0x04,0x8e,0x05,0xd2,0x00,0x15,0x00,0x00,0x33,0x35,
    0x01,0x36,0x36,0x37,0x06,0x06,0x23,0x21,0x35,0x21,0x15,0x01,0x06,0x06,0x07,0x36,
    0x36,0x33,0x21,0x15,0x82,0x02,0x9a,0x22,0x4b,0x26,0x4a,0x96,0x4a,0xfd,0xf5,0x04,
    0x0c,0xfd,0x70,0x25,0x4f,0x29,0x4a,0x93,0x4a,0x02,0x0e,0x86,0x03,0xdf,0x32,0x66,
    0x32,0x03,0x02,0xa8,0x88,0xfc,0x31,0x36,0x6d,0x35,0x03,0x02,0xa8,0x00,0x00,0x02,
    0x00,0x5a,0xff,0xe6,0x03,0xe0,0x04,0x6c,0x00,0x25,0x00,0x36,0x00,0x00,0x05,0x22,
    0x26,0x26,0x35,0x34,0x3e,0x02,0x37,0x3e,0x02,0x35,0x35,0x34,0x26,0x23,0x22,0x06,
    0x07,0x27,0x3e,0x02,0x33,0x32,0x1e,0x02,0x15,0x11,0x23,0x35,0x23,0x0e,0x02,0x27,
    0x32,0x36,0x36,0x35,0x35,0x0e,0x03,0x07,0x0e,0x02,0x15,0x14,0x16,0x01,0xd7,0x6a,
    0xad,0x66,0x4c,0x7f,0x9a,0x4e,0x64,0x7e,0x3d,0x76,0x74,0x79,0x88,0x1a,0xad,0x2b,
    0x92,0xb0,0x56,0x38,0x8f,0x85,0x57,0xb1,0x0c,0x13,0x54,0x86,0x40,0x64,0x8a,0x48,
    0x0b,0x4a,0x5f,0x59,0x1a,0x41,0x71,0x44,0x83,0x1a,0x50,0x9a,0x6e,0x60,0x78,0x45,
    0x22,0x0a,0x0d,0x0e,0x22,0x29,0x06,0x68,0x73,0x69,0x3b,0x39,0x66,0x73,0x30,0x1b,
    0x50,0x9d,0x83,0xfd,0x1f,0x98,0x27,0x53,0x38,0x9f,0x4e,0x7d,0x44,0x9b,0x0d,0x15,
    0x10,0x0b,0x03,0x08,0x27,0x4b,0x40,0x57,0x59,0x00,0x00,0x02,0x00,0x9e,0xff,0xe8,
    0x04,0x7e,0x05,0xd2,0x00,0x16,0x00,0x24,0x00,0x00,0x05,0x22,0x26,0x26,0x27,0x23,
    0x15,0x23,0x11,0x33,0x11,0x33,0x3e,0x02,0x33,0x32,0x16,0x12,0x15,0x14,0x02,0x06,
    0x27,0x32,0x36,0x36,0x35,0x34,0x26,0x26,0x23,0x22,0x06,0x15,0x14,0x16,0x02,0xa5,
    0x6a,0x82,0x46,0x13,0x14,0xae,0xb4,0x0e,0x13,0x44,0x80,0x6d,0x8c,0xd5,0x79,0x78,
    0xd5,0xa7,0x69,0x8d,0x47,0x46,0x8d,0x6a,0x9a,0xa0,0xa2,0x18,0x49,0x5d,0x1f,0xad,
    0x05,0xd2,0xfd,0xd9,0x1e,0x5b,0x48,0x8c,0xfe,0xfd,0xb1,0xb2,0xfe,0xfc,0x8e,0xa1,
    0x71,0xbf,0x75,0x74,0xbb,0x6e,0xe4,0xb9,0xbb,0xea,0x00,0x01,0x00,0x68,0xff,0xe8,
    0x04,0x2e,0x04,0x6c,0x00,0x1d,0x00,0x00,0x05,0x22,0x26,0x02,0x35,0x34,0x12,0x36,
    0x33,0x32,0x16,0x17,0x07,0x26,0x26,0x23,0x22,0x06,0x06,0x15,0x14,0x16,0x16,0x33,
    0x32,0x36,0x37,0x17,0x06,0x06,0x02,0x65,0x98,0xe5,0x80,0x80,0xe5,0x98,0xa2,0xf5,
    0x2e,0xad,0x19,0x91,0x6e,0x70,0x90,0x46,0x46,0x90,0x70,0x71,0x93,0x19,0xac,0x2d,
    0xf8,0x18,0x90,0x01,0x04,0xac,0xaf,0x01,0x05,0x90,0xa3,0x92,0x31,0x56,0x6f,0x75,
    0xbe,0x70,0x6e,0xbd,0x74,0x73,0x5b,0x31,0x95,0xa9,0x00,0x02,0x00,0x68,0xff,0xe8,
    0x04,0x48,0x05,0xd2,0x00,0x16,0x00,0x24,0x00,0x00,0x05,0x22,0x26,0x02,0x35,0x34,
    0x12,0x36,0x33,0x32,0x16,0x16,0x17,0x33,0x11,0x33,0x11,0x23,0x35,0x23,0x0e,0x02,
    0x27,0x32,0x36,0x35,0x34,0x26,0x23,0x22,0x06,0x06,0x15,0x14,0x16,0x16,0x02,0x41,
    0x8b,0xd6,0x78,0x79,0xd6,0x8b,0x6d,0x80,0x45,0x12,0x0e,0xb4,0xae,0x14,0x12,0x47,
    0x81,0x50,0x98,0xa2,0x9f,0x9b,0x6a,0x8d,0x46,0x47,0x8e,0x18,0x8e,0x01,0x04,0xb2,
    0xb1,0x01,0x03,0x8c,0x48,0x5b,0x1e,0x02,0x27,0xfa,0x2e,0xad,0x1f,0x5d,0x49,0xa1,
    0xea,0xbb,0xb9,0xe4,0x6e,0xbb,0x74,0x75,0xbf,0x71,0x00,0x02,0x00,0x68,0xff,0xe8,
    0x04,0x46,0x04,0x6c,0x00,0x18,0x00,0x20,0x00,0x00,0x05,0x22,0x26,0x02,0x35,0x34,
    0x12,0x36,0x33,0x32,0x1e,0x02,0x15,0x15,0x21,0x16,0x16,0x33,0x32,0x36,0x37,0x17,
    0x06,0x06,0x01,0x21,0x26,0x26,0x23,0x22,0x06,0x06,0x02,0x74,0xa2,0xeb,0x7f,0x7c,
    0xe3,0x98,0x59,0xad,0x8d,0x54,0xfc,0xd8,0x07,0xbb,0x95,0x63,0x8f,0x1f,0xae,0x27,
    0xed,0xfd,0xff,0x02,0x70,0x0d,0x99,0x8a,0x60,0x8b,0x50,0x18,0x90,0x01,0x02,0xac,
    0xac,0x01,0x06,0x94,0x3b,0x83,0xd6,0x9b,0x4b,0xaf,0xbb,0x57,0x55,0x30,0x7f,0x9d,
    0x02,0xa2,0x8f,0xb3,0x5a,0x92,0x00,0x01,0x00,0x14,0x00,0x00,0x02,0xd6,0x06,0x18,
    0x00,0x18,0x00,0x00,0x01,0x15,0x21,0x11,0x23,0x11,0x23,0x35,0x33,0x35,0x34,0x36,
    0x36,0x33,0x32,0x16,0x17,0x07,0x26,0x26,0x23,0x22,0x06,0x15,0x15,0x02,0xa6,0xfe,
    0xfe,0xb4,0xdc,0xdc,0x5b,0x92,0x51,0x40,0x54,0x14,0x32,0x0e,0x2d,0x26,0x53,0x4c,
    0x04,0x5e,0x9a,0xfc,0x3c,0x03,0xc4,0x9a,0x95,0x61,0x82,0x42,0x15,0x09,0x9a,0x05,
    0x0c,0x55,0x51,0x6d,0x00,0x02,0x00,0x68,0xfe,0x46,0x04,0x4a,0x04,0x6c,0x00,0x24,
    0x00,0x31,0x00,0x00,0x01,0x22,0x26,0x27,0x37,0x1e,0x02,0x33,0x32,0x36,0x35,0x35,
    0x23,0x0e,0x02,0x23,0x22,0x26,0x26,0x35,0x34,0x36,0x36,0x33,0x32,0x16,0x16,0x17,
    0x33,0x35,0x33,0x11,0x14,0x06,0x06,0x03,0x32,0x36,0x35,0x34,0x26,0x23,0x22,0x06,
    0x06,0x15,0x14,0x16,0x02,0x63,0xba,0xde,0x34,0x92,0x18,0x47,0x79,0x62,0x86,0xad,
    0x11,0x13,0x45,0x81,0x6c,0x86,0xd6,0x7c,0x7a,0xd7,0x8b,0x6c,0x81,0x46,0x13,0x11,
    0xaf,0x82,0xdd,0x8d,0x98,0xa2,0x9f,0x9b,0x6a,0x8e,0x47,0xa2,0xfe,0x46,0x88,0x5c,
    0x5e,0x20,0x4e,0x37,0x80,0x8a,0xe0,0x20,0x58,0x43,0x7f,0xf4,0xaf,0xad,0xff,0x8c,
    0x47,0x5c,0x1e,0xb3,0xfb,0x85,0x90,0xb7,0x56,0x02,0x6c,0xcf,0xb7,0xb2,0xe1,0x6d,
    0xb6,0x70,0xac,0xda,0x00,0x01,0x00,0x9e,0x00,0x00,0x04,0x1d,0x05,0xd2,0x00,0x13,
    0x00,0x00,0x01,0x11,0x23,0x11,0x33,0x11,0x36,0x36,0x33,0x32,0x16,0x15,0x11,0x23,
    0x11,0x34,0x26,0x23,0x22,0x06,0x01,0x52,0xb4,0xb4,0x37,0xab,0x6e,0xaa,0xd1,0xb5,
    0x87,0x75,0x79,0xa1,0x02,0x9e,0xfd,0x62,0x05,0xd2,0xfd,0xca,0x70,0x60,0xd2,0xd4,
    0xfd,0x3a,0x02,0xb7,0x81,0x92,0x9d,0x00,0xff,0xff,0x00,0x7c,0x00,0x00,0x01,0x77,
    0x06,0x03,0x02,0x26,0x00,0x24,0x00,0x00,0x00,0x06,0x00,0x64,0x02,0x00,0x00,0x01,
    0x00,0x9e,0x00,0x00,0x01,0x52,0x04,0x5e,0x00,0x03,0x00,0x00,0x33,0x11,0x33,0x11,
    0x9e,0xb4,0x04,0x5e,0xfb,0xa2,0x00,0x01,0xff,0xe6,0xfe,0x5e,0x01,0x53,0x04,0x5e,
    0x00,0x0a,0x00,0x00,0x13,0x33,0x11,0x16,0x06,0x23,0x23,0x35,0x33,0x32,0x35,0x9d,
    0xb5,0x01,0xa6,0xa3,0x24,0x21,0x96,0x04,0x5e,0xfb,0x52,0xa0,0xb2,0xa6,0xac,0x00,
    0xff,0xff,0xff,0xe6,0xfe,0x5e,0x01,0x76,0x06,0x03,0x02,0x26,0x00,0x25,0x00,0x00,
    0x00,0x06,0x00,0x64,0x01,0x00,0x00,0x01,0x00,0x9e,0x00,0x00,0x04,0x48,0x05,0xd2,
    0x00,0x0c,0x00,0x00,0x33,0x11,0x33,0x11,0x33,0x01,0x33,0x01,0x01,0x23,0x01,0x07,
    0x11,0x9e,0xb4,0x16,0x01,0xde,0xdf,0xfe,0x2c,0x01,0xf7,0xe7,0xfe,0x67,0x76,0x05,
    0xd2,0xfc,0x9f,0x01,0xed,0xfe,0x20,0xfd,0x82,0x02,0x0b,0x6f,0xfe,0x64,0x00,0x01,
    0x00,0x9e,0x00,0x00,0x01,0x52,0x05,0xd2,0x00,0x03,0x00,0x00,0x01,0x11,0x23,0x11,
    0x01,0x52,0xb4,0x05,0xd2,0xfa,0x2e,0x05,0xd2,0x00,0x00,0x01,0x00,0x9e,0x00,0x00,
    0x06,0x64,0x04,0x72,0x00,0x23,0x00,0x00,0x33,0x11,0x33,0x17,0x36,0x36,0x33,0x32,
    0x16,0x17,0x36,0x36,0x33,0x32,0x16,0x16,0x15,0x11,0x23,0x11,0x34,0x26,0x23,0x22,
    0x06,0x15,0x11,0x23,0x11,0x34,0x26,0x23,0x22,0x06,0x15,0x11,0x9e,0xaf,0x01,0x29,
    0xad,0x63,0x6e,0x91,0x1e,0x28,0xbf,0x79,0x61,0xa0,0x5f,0xb4,0x88,0x5a,0x71,0x82,
    0xb4,0x7c,0x5f,0x62,0x98,0x04,0x5e,0xcd,0x71,0x70,0x7d,0x67,0x6a,0x7a,0x54,0xaa,
    0x82,0xfd,0x0e,0x02,0xed,0x79,0x68,0x8a,0x6a,0xfd,0x26,0x02,0xff,0x5d,0x72,0x88,
    0x86,0xfd,0x40,0x00,0x00,0x01,0x00,0x9e,0x00,0x00,0x04,0x1c,0x04,0x6c,0x00,0x13,
    0x00,0x00,0x01,0x11,0x23,0x11,0x33,0x17,0x36,0x36,0x33,0x32,0x16,0x15,0x11,0x23,
    0x11,0x34,0x26,0x23,0x22,0x06,0x01,0x52,0xb4,0xad,0x01,0x36,0xaf,0x71,0xaa,0xd0,
    0xb4,0x87,0x75,0x79,0xa1,0x02,0x9e,0xfd,0x62,0x04,0x5e,0xcf,0x77,0x66,0xd2,0xd4,
    0xfd,0x3a,0x02,0xb7,0x81,0x92,0x9d,0x00,0x00,0x02,0x00,0x68,0xff,0xe8,0x04,0x64,
    0x04,0x6c,0x00,0x0f,0x00,0x1f,0x00,0x00,0x05,0x22,0x26,0x02,0x35,0x34,0x12,0x36,
    0x33,0x32,0x16,0x12,0x15,0x14,0x02,0x06,0x27,0x32,0x36,0x36,0x35,0x34,0x26,0x26,
    0x23,0x22,0x06,0x06,0x15,0x14,0x16,0x16,0x02,0x65,0x98,0xe5,0x80,0x80,0xe5,0x98,
    0x99,0xe6,0x80,0x80,0xe6,0x99,0x71,0x92,0x46,0x46,0x92,0x71,0x70,0x90,0x46,0x46,
    0x90,0x18,0x90,0x01,0x04,0xac,0xaf,0x01,0x05,0x90,0x90,0xfe,0xfb,0xaf,0xac,0xfe,
    0xfc,0x90,0xa1,0x74,0xbd,0x6e,0x6f,0xbf,0x75,0x75,0xbe,0x70,0x6e,0xbd,0x74,0x00,
    0x00,0x02,0x00,0x9e,0xfe,0x5e,0x04,0x7e,0x04,0x6c,0x00,0x16,0x00,0x24,0x00,0x00,
    0x13,0x11,0x33,0x15,0x33,0x3e,0x02,0x33,0x32,0x16,0x12,0x15,0x14,0x02,0x06,0x23,
    0x22,0x26,0x26,0x27,0x23,0x11,0x01,0x32,0x36,0x36,0x35,0x34,0x26,0x26,0x23,0x22,
    0x06,0x15,0x14,0x16,0x9e,0xae,0x14,0x13,0x44,0x80,0x6d,0x8c,0xd5,0x79,0x78,0xd5,
    0x8c,0x6a,0x82,0x46,0x13,0x0e,0x01,0x38,0x69,0x8d,0x47,0x46,0x8d,0x6a,0x9a,0xa0,
    0xa2,0xfe,0x5e,0x06,0x00,0xb3,0x1e,0x5b,0x48,0x8c,0xfe,0xfd,0xb1,0xb2,0xfe,0xfc,
    0x8e,0x49,0x5d,0x1f,0xfd,0xb1,0x02,0x2b,0x71,0xbf,0x75,0x74,0xbb,0x6e,0xe4,0xb9,
    0xbb,0xea,0x00,0x02,0x00,0x68,0xfe,0x5e,0x04,0x48,0x04,0x6c,0x00,0x16,0x00,0x24,
    0x00,0x00,0x01,0x23,0x11,0x23,0x0e,0x02,0x23,0x22,0x26,0x02,0x35,0x34,0x12,0x36,
    0x33,0x32,0x16,0x16,0x17,0x33,0x35,0x33,0x01,0x32,0x36,0x35,0x34,0x26,0x23,0x22,
    0x06,0x06,0x15,0x14,0x16,0x16,0x04,0x48,0xb4,0x0e,0x12,0x47,0x81,0x6b,0x8b,0xd6,
    0x78,0x79,0xd6,0x8b,0x6d,0x80,0x45,0x12,0x14,0xae,0xfe,0x14,0x98,0xa2,0x9f,0x9b,
    0x6a,0x8d,0x46,0x47,0x8e,0xfe,0x5e,0x02,0x4f,0x1f,0x5d,0x49,0x8e,0x01,0x04,0xb2,
    0xb1,0x01,0x03,0x8c,0x48,0x5b,0x1e,0xb3,0xfc,0x2b,0xea,0xbb,0xb9,0xe4,0x6e,0xbb,
    0x74,0x75,0xbf,0x71,0x00,0x01,0x00,0x9e,0x00,0x00,0x02,0xd5,0x04,0x6e,0x00,0x12,
    0x00,0x00,0x33,0x11,0x33,0x15,0x33,0x36,0x36,0x33,0x32,0x16,0x17,0x15,0x26,0x26,
    0x23,0x22,0x06,0x15,0x11,0x9e,0xae,0x0c,0x1f,0x9f,0x64,0x14,0x37,0x10,0x08,0x40,
    0x24,0x79,0x9e,0x04,0x5e,0xac,0x55,0x67,0x02,0x01,0xb5,0x02,0x08,0x93,0x71,0xfd,
    0x44,0x00,0x00,0x01,0x00,0x6c,0xff,0xe8,0x03,0xd3,0x04,0x6c,0x00,0x27,0x00,0x00,
    0x05,0x22,0x26,0x27,0x37,0x16,0x16,0x33,0x32,0x36,0x35,0x34,0x27,0x27,0x24,0x35,
    0x34,0x36,0x36,0x33,0x32,0x16,0x17,0x07,0x26,0x26,0x23,0x22,0x06,0x15,0x14,0x16,
    0x17,0x17,0x16,0x16,0x15,0x14,0x06,0x06,0x02,0x1a,0xac,0xe4,0x1e,0xab,0x18,0x85,
    0x64,0x75,0x8b,0xa4,0xba,0xfe,0xd4,0x6c,0xbb,0x77,0xad,0xbf,0x26,0xa3,0x17,0x6b,
    0x6c,0x64,0x85,0x5a,0x62,0xa9,0x98,0x92,0x6f,0xc7,0x18,0x96,0x91,0x29,0x5c,0x56,
    0x64,0x45,0x73,0x27,0x2c,0x47,0xea,0x60,0x93,0x53,0x97,0x76,0x2a,0x3c,0x62,0x5c,
    0x46,0x3e,0x4b,0x17,0x28,0x24,0x97,0x73,0x62,0x99,0x58,0x00,0x00,0x01,0x00,0x14,
    0xff,0xf2,0x02,0x75,0x05,0x68,0x00,0x17,0x00,0x00,0x01,0x15,0x23,0x11,0x14,0x16,
    0x33,0x32,0x36,0x37,0x17,0x06,0x06,0x23,0x22,0x26,0x35,0x11,0x23,0x35,0x33,0x11,
    0x33,0x11,0x02,0x56,0xe6,0x3d,0x47,0x11,0x35,0x16,0x25,0x1c,0x47,0x23,0x91,0xa2,
    0xa8,0xa8,0xb4,0x04,0x5e,0x9a,0xfd,0x5e,0x4b,0x45,0x08,0x04,0x98,0x0a,0x0a,0x99,
    0x89,0x02,0xb0,0x9a,0x01,0x0a,0xfe,0xf6,0x00,0x01,0x00,0x9e,0xff,0xf2,0x04,0x1d,
    0x04,0x5e,0x00,0x13,0x00,0x00,0x05,0x22,0x26,0x35,0x11,0x33,0x11,0x14,0x16,0x33,
    0x32,0x36,0x35,0x11,0x33,0x11,0x23,0x35,0x06,0x06,0x02,0x19,0xa9,0xd2,0xb4,0x88,
    0x75,0x78,0xa1,0xb5,0xae,0x37,0xb1,0x0e,0xd2,0xd4,0x02,0xc6,0xfd,0x49,0x81,0x92,
    0x9d,0x8f,0x02,0x9e,0xfb,0xa2,0xd1,0x7a,0x65,0x00,0x00,0x01,0x00,0x36,0x00,0x00,
    0x04,0x49,0x04,0x5e,0x00,0x0c,0x00,0x00,0x21,0x01,0x33,0x13,0x16,0x16,0x17,0x36,
    0x36,0x37,0x13,0x33,0x01,0x01,0xe1,0xfe,0x55,0xc5,0xee,0x1a,0x2a,0x13,0x13,0x29,
    0x1a,0xee,0xc5,0xfe,0x55,0x04,0x5e,0xfd,0x69,0x49,0x91,0x46,0x46,0x91,0x49,0x02,
    0x97,0xfb,0xa2,0x00,0x00,0x01,0x00,0x46,0x00,0x00,0x06,0x46,0x04,0x5e,0x00,0x1e,
    0x00,0x00,0x21,0x01,0x33,0x13,0x16,0x16,0x17,0x36,0x36,0x37,0x13,0x33,0x13,0x16,
    0x16,0x17,0x36,0x36,0x37,0x13,0x33,0x01,0x23,0x03,0x26,0x26,0x27,0x06,0x06,0x07,
    0x03,0x01,0x99,0xfe,0xad,0xbf,0x88,0x18,0x38,0x1b,0x1b,0x35,0x1a,0x86,0xc0,0x84,
    0x18,0x35,0x1a,0x1c,0x37,0x19,0x88,0xbf,0xfe,0xad,0xb3,0x91,0x1c,0x33,0x1a,0x19,
    0x35,0x1b,0x91,0x04,0x5e,0xfe,0x18,0x57,0xd9,0x85,0x80,0xd8,0x5d,0x01,0xe8,0xfe,
    0x18,0x5a,0xd7,0x81,0x80,0xd7,0x5b,0x01,0xe8,0xfb,0xa2,0x01,0xfa,0x60,0xcc,0x6b,
    0x6b,0xce,0x5e,0xfe,0x06,0x00,0x00,0x01,0x00,0x41,0x00,0x00,0x04,0x1d,0x04,0x5e,
    0x00,0x17,0x00,0x00,0x33,0x01,0x01,0x33,0x17,0x16,0x16,0x17,0x36,0x36,0x37,0x37,
    0x33,0x01,0x01,0x23,0x27,0x26,0x26,0x27,0x06,0x06,0x07,0x07,0x41,0x01,0x89,0xfe,
    0x8e,0xd2,0x8b,0x26,0x3d,0x1d,0x1b,0x38,0x27,0x8e,0xce,0xfe,0x8a,0x01,0x88,0xd1,
    0xa4,0x25,0x3a,0x1c,0x1a,0x36,0x26,0xa6,0x02,0x3e,0x02,0x20,0xd9,0x3c,0x6b,0x33,
    0x33,0x6b,0x3c,0xd9,0xfd,0xd6,0xfd,0xcc,0xfb,0x39,0x67,0x2f,0x2f,0x67,0x39,0xfb,
    0x00,0x01,0x00,0x36,0xfe,0x56,0x04,0x49,0x04,0x5e,0x00,0x17,0x00,0x00,0x13,0x37,
    0x17,0x16,0x36,0x37,0x37,0x01,0x33,0x13,0x16,0x16,0x17,0x36,0x36,0x37,0x13,0x33,
    0x01,0x06,0x06,0x23,0x22,0x26,0x8c,0x2e,0x13,0x53,0x78,0x29,0x20,0xfe,0x55,0xc5,
    0xee,0x1a,0x29,0x13,0x13,0x29,0x1a,0xf0,0xc4,0xfe,0x15,0x33,0xa4,0x77,0x30,0x46,
    0xfe,0x6b,0x9c,0x05,0x16,0x39,0x78,0x5d,0x04,0x64,0xfd,0x69,0x49,0x90,0x46,0x46,
    0x90,0x49,0x02,0x97,0xfa,0xfb,0x85,0x7e,0x0e,0x00,0x00,0x01,0x00,0x7e,0x00,0x00,
    0x03,0xed,0x04,0x5e,0x00,0x0b,0x00,0x00,0x33,0x35,0x01,0x35,0x21,0x35,0x21,0x15,
    0x01,0x15,0x21,0x15,0x7e,0x02,0x73,0xfd,0xa1,0x03,0x47,0xfd,0x9f,0x02,0x75,0x86,
    0x03,0x26,0x0b,0xa7,0x8f,0xfc,0xe3,0x0b,0xa7,0x00,0x00,0x03,0x00,0x74,0xff,0x26,
    0x04,0xae,0x06,0xac,0x00,0x28,0x00,0x31,0x00,0x39,0x00,0x00,0x05,0x35,0x26,0x26,
    0x27,0x33,0x16,0x16,0x17,0x11,0x27,0x26,0x26,0x35,0x34,0x36,0x36,0x37,0x35,0x33,
    0x15,0x1e,0x02,0x17,0x23,0x26,0x26,0x27,0x11,0x17,0x1e,0x03,0x15,0x14,0x06,0x06,
    0x07,0x15,0x11,0x36,0x36,0x35,0x34,0x26,0x26,0x27,0x23,0x27,0x11,0x06,0x06,0x15,
    0x14,0x16,0x16,0x02,0x55,0xd8,0xfd,0x0c,0xc3,0x0a,0xa4,0x70,0x3b,0xb4,0xc8,0x73,
    0xc6,0x7e,0x78,0x86,0xcd,0x76,0x04,0xba,0x0b,0x97,0x71,0x3b,0x3c,0x91,0x84,0x55,
    0x71,0xd7,0x99,0x81,0xa7,0x51,0x86,0x50,0x01,0x78,0x74,0x8a,0x52,0x76,0xda,0xc2,
    0x0f,0xdf,0xb0,0x70,0x77,0x0c,0x02,0x1a,0x11,0x33,0xbe,0x94,0x73,0xb2,0x6d,0x0d,
    0xca,0xc7,0x09,0x6b,0xad,0x6a,0x62,0x74,0x0b,0xfe,0x07,0x10,0x10,0x38,0x5d,0x8f,
    0x68,0x73,0xbb,0x76,0x0a,0xc2,0x01,0x6d,0x0e,0x8d,0x6b,0x48,0x5a,0x3a,0x16,0xd9,
    0x01,0xd6,0x10,0x82,0x5c,0x47,0x5b,0x37,0x00,0x02,0x00,0x7a,0xff,0xec,0x04,0x92,
    0x05,0xe6,0x00,0x0b,0x00,0x17,0x00,0x00,0x05,0x22,0x00,0x11,0x10,0x00,0x33,0x32,
    0x00,0x11,0x10,0x00,0x27,0x32,0x12,0x11,0x10,0x02,0x23,0x22,0x02,0x11,0x10,0x12,
    0x02,0x86,0xf9,0xfe,0xed,0x01,0x15,0xf7,0xf8,0x01,0x14,0xfe,0xee,0xfa,0xa4,0xb1,
    0xb1,0xa4,0xa3,0xb2,0xb2,0x14,0x01,0x90,0x01,0x6c,0x01,0x6a,0x01,0x94,0xfe,0x6c,
    0xfe,0x96,0xfe,0x94,0xfe,0x70,0xa6,0x01,0x3b,0x01,0x1b,0x01,0x1d,0x01,0x3c,0xfe,
    0xc3,0xfe,0xe4,0xfe,0xe5,0xfe,0xc5,0x00,0x00,0x01,0x00,0x60,0x00,0x00,0x02,0x8d,
    0x05,0xd2,0x00,0x07,0x00,0x00,0x01,0x11,0x23,0x11,0x23,0x01,0x35,0x25,0x02,0x8d,
    0xbb,0x0a,0xfe,0x98,0x01,0x44,0x05,0xd2,0xfa,0x2e,0x05,0x22,0xfe,0xf5,0xcc,0xef,
    0x00,0x01,0x00,0x9a,0x00,0x00,0x04,0x4f,0x05,0xe6,0x00,0x1d,0x00,0x00,0x33,0x35,
    0x01,0x3e,0x02,0x35,0x34,0x26,0x23,0x22,0x06,0x15,0x23,0x34,0x36,0x36,0x33,0x32,
    0x16,0x16,0x15,0x14,0x06,0x06,0x07,0x01,0x15,0x21,0x15,0x9a,0x01,0xef,0x53,0x6e,
    0x38,0xa1,0x77,0x7f,0x97,0xb6,0x7a,0xd2,0x85,0x85,0xcd,0x75,0x3a,0x92,0x84,0xfe,
    0xba,0x02,0xaf,0x89,0x02,0x19,0x5a,0x88,0x7b,0x45,0x75,0x88,0x98,0x7e,0x84,0xc8,
    0x6f,0x6f,0xbc,0x75,0x51,0x99,0xc2,0x8c,0xfe,0xa5,0x0c,0xa7,0x00,0x01,0x00,0x7d,
    0xff,0xec,0x04,0x77,0x05,0xe6,0x00,0x2e,0x00,0x00,0x05,0x22,0x26,0x26,0x27,0x33,
    0x16,0x16,0x33,0x32,0x36,0x35,0x34,0x26,0x23,0x23,0x35,0x33,0x32,0x36,0x35,0x34,
    0x26,0x23,0x22,0x06,0x06,0x07,0x23,0x3e,0x02,0x33,0x32,0x16,0x16,0x15,0x14,0x06,
    0x07,0x15,0x16,0x16,0x15,0x14,0x06,0x06,0x02,0x7b,0x92,0xe2,0x85,0x05,0xc0,0x08,
    0xb4,0x7f,0x8c,0xb7,0xb4,0xa6,0x79,0x79,0x83,0xa3,0x90,0x7a,0x4c,0x85,0x55,0x03,
    0xb7,0x04,0x84,0xd9,0x83,0x8b,0xc9,0x6c,0x85,0x72,0x8f,0x9e,0x84,0xe6,0x14,0x64,
    0xb2,0x76,0x6a,0x7b,0x90,0x74,0x79,0x99,0xa5,0x8b,0x73,0x6f,0x86,0x37,0x66,0x49,
    0x75,0xb2,0x64,0x70,0xb6,0x6a,0x7e,0xb0,0x22,0x0c,0x17,0xc1,0x8d,0x7a,0xc0,0x6f,
    0x00,0x02,0x00,0x78,0x00,0x00,0x04,0xb5,0x05,0xd2,0x00,0x0a,0x00,0x0f,0x00,0x00,
    0x13,0x35,0x01,0x33,0x11,0x33,0x15,0x23,0x11,0x23,0x11,0x37,0x11,0x23,0x01,0x15,
    0x78,0x02,0x8c,0xe7,0xca,0xca,0xb6,0x01,0x0c,0xfe,0x19,0x01,0x2f,0x9b,0x04,0x08,
    0xfc,0x04,0xa7,0xfe,0xd1,0x01,0x2f,0xa7,0x03,0x0e,0xfc,0xfe,0x0c,0x00,0x00,0x01,
    0x00,0x80,0xff,0xec,0x04,0x45,0x05,0xd2,0x00,0x24,0x00,0x00,0x05,0x22,0x26,0x26,
    0x27,0x33,0x16,0x16,0x33,0x32,0x36,0x36,0x35,0x34,0x26,0x26,0x23,0x22,0x06,0x07,
    0x27,0x13,0x21,0x15,0x21,0x03,0x33,0x36,0x36,0x33,0x32,0x16,0x16,0x15,0x14,0x06,
    0x06,0x02,0x54,0x83,0xd0,0x7c,0x05,0xb8,0x09,0xa3,0x70,0x5a,0x8d,0x50,0x54,0x91,
    0x5e,0x45,0x8e,0x2c,0xb2,0x58,0x03,0x10,0xfd,0x90,0x33,0x08,0x2e,0x8c,0x4d,0x89,
    0xd6,0x7b,0x81,0xe0,0x14,0x67,0xb3,0x72,0x64,0x81,0x54,0x94,0x5e,0x60,0x98,0x57,
    0x2c,0x22,0x16,0x02,0xe2,0xa7,0xfe,0x4d,0x26,0x31,0x81,0xe2,0x90,0x8f,0xe0,0x81,
    0x00,0x02,0x00,0x7a,0xff,0xec,0x04,0x7c,0x05,0xe6,0x00,0x1e,0x00,0x2e,0x00,0x00,
    0x05,0x22,0x26,0x26,0x02,0x35,0x10,0x00,0x33,0x32,0x16,0x16,0x17,0x23,0x26,0x26,
    0x23,0x22,0x02,0x11,0x33,0x36,0x36,0x33,0x32,0x16,0x16,0x15,0x14,0x06,0x06,0x27,
    0x32,0x36,0x36,0x35,0x34,0x26,0x26,0x23,0x22,0x06,0x06,0x15,0x14,0x16,0x16,0x02,
    0x86,0x5d,0xba,0x99,0x5c,0x01,0x26,0xfd,0x7d,0xc6,0x7e,0x12,0xba,0x19,0x8c,0x74,
    0xac,0xc3,0x0c,0x3c,0xbf,0x74,0x80,0xd4,0x7f,0x7c,0xe2,0x98,0x5a,0x90,0x54,0x51,
    0x8e,0x5a,0x5a,0x92,0x56,0x52,0x90,0x14,0x44,0xa0,0x01,0x12,0xce,0x01,0x89,0x01,
    0xad,0x64,0xb2,0x75,0x61,0x82,0xfe,0xd7,0xfe,0xf3,0x5d,0x69,0x7e,0xdf,0x90,0x8b,
    0xe3,0x87,0xa7,0x5a,0x97,0x5d,0x5b,0x95,0x58,0x5c,0x97,0x57,0x58,0x97,0x5d,0x00,
    0x00,0x01,0x00,0x62,0x00,0x00,0x04,0x25,0x05,0xd2,0x00,0x07,0x00,0x00,0x33,0x01,
    0x35,0x21,0x35,0x21,0x15,0x01,0xc8,0x02,0x96,0xfd,0x04,0x03,0xc3,0xfd,0x6b,0x05,
    0x1f,0x0c,0xa7,0xb1,0xfa,0xdf,0x00,0x03,0x00,0x7a,0xff,0xec,0x04,0x79,0x05,0xe6,
    0x00,0x1f,0x00,0x2c,0x00,0x38,0x00,0x00,0x05,0x22,0x26,0x26,0x35,0x34,0x36,0x36,
    0x37,0x35,0x26,0x26,0x35,0x34,0x36,0x36,0x33,0x32,0x16,0x16,0x15,0x14,0x06,0x07,
    0x15,0x1e,0x02,0x15,0x14,0x06,0x06,0x27,0x32,0x36,0x35,0x34,0x26,0x26,0x23,0x22,
    0x06,0x15,0x14,0x16,0x13,0x32,0x36,0x35,0x34,0x26,0x23,0x22,0x06,0x15,0x14,0x16,
    0x02,0x79,0x97,0xe7,0x81,0x4c,0x84,0x53,0x6d,0x80,0x76,0xce,0x85,0x83,0xce,0x77,
    0x81,0x6a,0x51,0x84,0x4e,0x83,0xe7,0x96,0x94,0xae,0x54,0x92,0x5c,0x8d,0xb7,0xad,
    0x97,0x76,0x9a,0x96,0x7a,0x7c,0x95,0x98,0x14,0x6b,0xbc,0x79,0x5e,0xa1,0x6c,0x0f,
    0x08,0x1c,0xba,0x76,0x72,0xb3,0x67,0x67,0xb3,0x72,0x76,0xba,0x1c,0x08,0x0f,0x6c,
    0xa1,0x5e,0x79,0xbc,0x6b,0xa5,0x8f,0x76,0x53,0x7f,0x49,0x9f,0x7c,0x76,0x8f,0x02,
    0xbf,0x8b,0x71,0x70,0x86,0x86,0x70,0x71,0x8b,0x00,0x00,0x02,0x00,0x7a,0xff,0xec,
    0x04,0x7c,0x05,0xe9,0x00,0x1e,0x00,0x2e,0x00,0x00,0x05,0x22,0x26,0x26,0x27,0x33,
    0x16,0x16,0x33,0x32,0x12,0x11,0x23,0x06,0x06,0x23,0x22,0x26,0x26,0x35,0x34,0x36,
    0x36,0x17,0x1e,0x02,0x12,0x15,0x10,0x00,0x03,0x32,0x36,0x36,0x35,0x34,0x26,0x26,
    0x23,0x22,0x06,0x06,0x15,0x14,0x16,0x16,0x02,0x5b,0x7f,0xc6,0x7e,0x12,0xbc,0x17,
    0x8c,0x76,0xaa,0xc5,0x0c,0x3c,0xbe,0x75,0x80,0xd6,0x7f,0x7e,0xe3,0x99,0x5c,0xb8,
    0x98,0x5c,0xfe,0xdc,0xed,0x5b,0x92,0x57,0x53,0x8f,0x5c,0x5a,0x8f,0x54,0x51,0x8c,
    0x14,0x64,0xb4,0x77,0x63,0x84,0x01,0x29,0x01,0x0f,0x5b,0x6c,0x7f,0xdf,0x8f,0x8b,
    0xe5,0x87,0x03,0x01,0x45,0x9e,0xfe,0xf0,0xce,0xfe,0x75,0xfe,0x53,0x02,0xbf,0x5d,
    0x98,0x57,0x56,0x95,0x5d,0x59,0x97,0x5c,0x5b,0x95,0x58,0x00,0x00,0x03,0x00,0x68,
    0xff,0xec,0x05,0x07,0x05,0xe0,0x00,0x23,0x00,0x2d,0x00,0x3b,0x00,0x00,0x05,0x22,
    0x26,0x26,0x35,0x34,0x36,0x36,0x37,0x26,0x26,0x35,0x34,0x36,0x33,0x32,0x16,0x16,
    0x15,0x14,0x06,0x07,0x07,0x01,0x36,0x36,0x35,0x33,0x14,0x06,0x07,0x17,0x23,0x27,
    0x06,0x06,0x13,0x01,0x07,0x06,0x06,0x15,0x14,0x16,0x33,0x32,0x03,0x37,0x3e,0x02,
    0x35,0x34,0x26,0x23,0x22,0x06,0x15,0x14,0x16,0x02,0x44,0x93,0xd6,0x73,0x4c,0x85,
    0x55,0x4e,0x5f,0xc7,0xa6,0x70,0xa2,0x58,0x6f,0x57,0x6c,0x01,0x3f,0x1d,0x20,0xad,
    0x4d,0x2b,0xd0,0xd9,0x67,0x4a,0xd3,0xb1,0xfe,0xa0,0x33,0x5c,0x4b,0x9a,0x7c,0xa5,
    0xc2,0x61,0x1b,0x40,0x2d,0x5f,0x51,0x55,0x68,0x49,0x14,0x6d,0xb9,0x73,0x5f,0x8b,
    0x77,0x3f,0x5e,0xa6,0x66,0x94,0xbd,0x57,0x91,0x59,0x67,0x9d,0x41,0x50,0xfe,0x7d,
    0x38,0x87,0x4c,0x9c,0xc3,0x37,0xfc,0x7c,0x49,0x47,0x01,0x11,0x01,0xa6,0x26,0x44,
    0x75,0x45,0x6e,0x88,0x03,0x03,0x48,0x14,0x38,0x4e,0x34,0x47,0x5c,0x65,0x50,0x43,
    0x79,0x00,0x00,0x02,0x00,0xa0,0xff,0xf3,0x01,0xad,0x05,0xd2,0x00,0x03,0x00,0x0f,
    0x00,0x00,0x13,0x03,0x33,0x03,0x03,0x22,0x26,0x35,0x34,0x36,0x33,0x32,0x16,0x15,
    0x14,0x06,0xcc,0x0c,0xcc,0x0d,0x58,0x38,0x4f,0x4f,0x38,0x38,0x4e,0x4e,0x01,0xdf,
    0x03,0xf3,0xfc,0x0d,0xfe,0x14,0x4f,0x37,0x38,0x4f,0x4f,0x38,0x37,0x4f,0x00,0x02,
    0x00,0x52,0xff,0xf3,0x03,0xb1,0x05,0xe6,0x00,0x1f,0x00,0x2b,0x00,0x00,0x01,0x35,
    0x34,0x36,0x36,0x37,0x36,0x36,0x35,0x34,0x26,0x23,0x22,0x06,0x07,0x23,0x3e,0x02,
    0x33,0x32,0x16,0x16,0x15,0x14,0x06,0x07,0x0e,0x02,0x15,0x15,0x03,0x22,0x26,0x35,
    0x34,0x36,0x33,0x32,0x16,0x15,0x14,0x06,0x01,0x7f,0x35,0x64,0x45,0x42,0x5a,0x8e,
    0x65,0x58,0x96,0x08,0xbe,0x05,0x77,0xc2,0x76,0x82,0xbf,0x6a,0x6a,0x61,0x40,0x4f,
    0x23,0x58,0x38,0x4f,0x4f,0x38,0x38,0x4e,0x4e,0x01,0xc1,0x0b,0x89,0x95,0x57,0x29,
    0x28,0x7b,0x57,0x68,0x7b,0x6f,0x7d,0x7e,0xb0,0x5d,0x65,0xb2,0x72,0x79,0xac,0x3b,
    0x27,0x49,0x68,0x59,0x0b,0xfe,0x32,0x4f,0x37,0x38,0x4f,0x4f,0x38,0x37,0x4f,0x00,
    0x00,0x01,0x00,0xda,0xfe,0xe9,0x02,0x8b,0x06,0x2d,0x00,0x0f,0x00,0x00,0x13,0x34,
    0x12,0x12,0x37,0x33,0x06,0x02,0x02,0x15,0x14,0x12,0x13,0x23,0x26,0x02,0xda,0x43,
    0x74,0x4b,0xaf,0x4d,0x71,0x3c,0x79,0x81,0xaf,0x7f,0x83,0x02,0x5f,0xa3,0x01,0x65,
    0x01,0x4b,0x7b,0x9d,0xfe,0xac,0xfe,0xb5,0x92,0xc7,0xfe,0x5b,0xfe,0xf6,0xd9,0x01,
    0xc2,0x00,0x00,0x01,0x00,0x60,0xfe,0xe9,0x02,0x11,0x06,0x2d,0x00,0x0f,0x00,0x00,
    0x13,0x12,0x12,0x35,0x34,0x02,0x02,0x27,0x33,0x16,0x12,0x12,0x15,0x14,0x02,0x07,
    0x60,0x85,0x75,0x3c,0x70,0x4e,0xaf,0x4b,0x75,0x42,0x85,0x7d,0xfe,0xe9,0x01,0x12,
    0x01,0xa3,0xc1,0x92,0x01,0x4b,0x01,0x54,0x9d,0x7b,0xfe,0xb5,0xfe,0x9a,0xa2,0xdf,
    0xfe,0x3e,0xd5,0x00,0x00,0x01,0x00,0xe2,0xfe,0xe9,0x02,0x70,0x06,0x2d,0x00,0x07,
    0x00,0x00,0x13,0x11,0x21,0x15,0x23,0x11,0x33,0x15,0xe2,0x01,0x8e,0xe2,0xe2,0xfe,
    0xe9,0x07,0x44,0x99,0xf9,0xee,0x99,0x00,0x00,0x01,0x00,0x7b,0xfe,0xe9,0x02,0x09,
    0x06,0x2d,0x00,0x07,0x00,0x00,0x13,0x35,0x33,0x11,0x23,0x35,0x21,0x11,0x7b,0xe2,
    0xe2,0x01,0x8e,0xfe,0xe9,0x99,0x06,0x12,0x99,0xf8,0xbc,0x00,0x00,0x01,0x00,0x90,
    0xfe,0xe9,0x02,0xee,0x06,0x2d,0x00,0x21,0x00,0x00,0x01,0x22,0x26,0x35,0x35,0x34,
    0x26,0x27,0x23,0x35,0x33,0x36,0x36,0x35,0x35,0x34,0x36,0x33,0x15,0x26,0x06,0x15,
    0x11,0x14,0x06,0x07,0x15,0x16,0x16,0x15,0x11,0x14,0x16,0x33,0x02,0xee,0xd6,0xae,
    0x52,0x67,0x21,0x22,0x66,0x52,0xae,0xd6,0x7f,0x5f,0x4f,0x7e,0x7e,0x4f,0x5f,0x7f,
    0xfe,0xe9,0xba,0xcd,0xe4,0x6e,0x68,0x06,0xb6,0x06,0x66,0x6e,0xe6,0xcd,0xba,0x97,
    0x01,0x75,0x7f,0xfe,0xe2,0x58,0x7f,0x19,0x14,0x1a,0x81,0x57,0xfe,0xe4,0x7f,0x76,
    0x00,0x01,0x00,0x7b,0xfe,0xe9,0x02,0xd9,0x06,0x2d,0x00,0x20,0x00,0x00,0x13,0x35,
    0x32,0x36,0x35,0x11,0x34,0x36,0x37,0x35,0x26,0x26,0x35,0x11,0x34,0x26,0x23,0x35,
    0x32,0x16,0x15,0x15,0x14,0x16,0x17,0x33,0x15,0x06,0x06,0x15,0x15,0x14,0x06,0x7b,
    0x80,0x5e,0x4f,0x7d,0x7d,0x4f,0x5e,0x80,0xd6,0xad,0x5e,0x76,0x07,0x7b,0x60,0xad,
    0xfe,0xe9,0x95,0x76,0x7f,0x01,0x1c,0x57,0x81,0x1a,0x14,0x1a,0x7e,0x58,0x01,0x1e,
    0x7e,0x75,0x97,0xba,0xcd,0xe6,0x75,0x65,0x01,0xb4,0x01,0x66,0x76,0xe4,0xcd,0xba,
    0x00,0x02,0x00,0x7a,0xfe,0x75,0x07,0x40,0x05,0x9e,0x00,0x42,0x00,0x50,0x00,0x00,
    0x01,0x20,0x00,0x11,0x10,0x12,0x24,0x21,0x32,0x04,0x16,0x12,0x15,0x14,0x0e,0x02,
    0x23,0x22,0x26,0x26,0x27,0x23,0x06,0x06,0x23,0x22,0x26,0x26,0x35,0x34,0x36,0x36,
    0x33,0x32,0x16,0x17,0x33,0x35,0x33,0x11,0x14,0x16,0x33,0x32,0x36,0x35,0x34,0x26,
    0x26,0x24,0x23,0x22,0x04,0x02,0x15,0x10,0x00,0x21,0x32,0x36,0x36,0x37,0x17,0x0e,
    0x02,0x03,0x32,0x36,0x35,0x34,0x26,0x23,0x22,0x06,0x06,0x15,0x14,0x16,0x16,0x04,
    0x14,0xfe,0x42,0xfe,0x24,0xd7,0x01,0x94,0x01,0x1a,0xce,0x01,0x37,0xd2,0x6a,0x16,
    0x45,0x89,0x74,0x34,0x7a,0x5d,0x09,0x08,0x1a,0x86,0x71,0x85,0xb3,0x5b,0x6b,0xbb,
    0x77,0x60,0x81,0x1b,0x0a,0x9e,0x43,0x40,0x6e,0x47,0x53,0xa8,0xff,0x00,0xad,0xe5,
    0xfe,0xba,0xad,0x01,0x86,0x01,0x74,0x50,0x99,0x78,0x1d,0x2b,0x2e,0x91,0xa5,0x9e,
    0x91,0x7e,0x87,0x83,0x52,0x74,0x3e,0x32,0x70,0xfe,0x75,0x01,0xdf,0x01,0xb9,0x01,
    0x1d,0x01,0x99,0xdb,0x85,0xe3,0xfe,0xe2,0x98,0x6b,0xd7,0xb3,0x6d,0x20,0x4a,0x3e,
    0x40,0x61,0x84,0xe1,0x8d,0x86,0xd4,0x7b,0x46,0x26,0x54,0xfd,0x6d,0x3c,0x5a,0xe3,
    0xf4,0x7c,0xe9,0xba,0x6d,0xb9,0xfe,0xa6,0xf3,0xfe,0x8f,0xfe,0x6f,0x1e,0x25,0x0a,
    0x8c,0x13,0x26,0x19,0x02,0x49,0xaf,0xb2,0xb3,0x83,0x55,0x8d,0x54,0x5c,0xa2,0x63,
    0x00,0x02,0x00,0x22,0x00,0x00,0x04,0xed,0x05,0xd2,0x00,0x1b,0x00,0x1f,0x00,0x00,
    0x21,0x13,0x21,0x03,0x23,0x13,0x23,0x37,0x33,0x13,0x23,0x37,0x33,0x13,0x33,0x03,
    0x21,0x13,0x33,0x03,0x33,0x07,0x23,0x03,0x33,0x07,0x23,0x03,0x01,0x21,0x13,0x21,
    0x02,0xc7,0x44,0xfe,0x8c,0x43,0x97,0x43,0xde,0x19,0xde,0x3c,0xdb,0x19,0xdb,0x43,
    0x97,0x43,0x01,0x74,0x44,0x97,0x43,0xdc,0x17,0xde,0x3c,0xdb,0x19,0xdb,0x43,0xfe,
    0x50,0x01,0x74,0x3c,0xfe,0x8c,0x01,0x9b,0xfe,0x65,0x01,0x9b,0x96,0x01,0x6e,0x98,
    0x01,0x9b,0xfe,0x65,0x01,0x9b,0xfe,0x65,0x98,0xfe,0x92,0x96,0xfe,0x65,0x02,0x31,
    0x01,0x6e,0x00,0x01,0x00,0x2e,0xff,0x20,0x02,0xb4,0x06,0x18,0x00,0x03,0x00,0x00,
    0x01,0x01,0x23,0x01,0x02,0xb4,0xfe,0x20,0xa6,0x01,0xe0,0x06,0x18,0xf9,0x08,0x06,
    0xf8,0x00,0x00,0x01,0x01,0x06,0xfe,0x20,0x01,0xa3,0x07,0xb2,0x00,0x03,0x00,0x00,
    0x01,0x11,0x23,0x11,0x01,0xa3,0x9d,0x07,0xb2,0xf6,0x6e,0x09,0x92,0x00,0x00,0x01,
    0x00,0x2e,0xff,0x20,0x02,0xb4,0x06,0x18,0x00,0x03,0x00,0x00,0x05,0x01,0x33,0x01,
    0x02,0x0e,0xfe,0x20,0xa6,0x01,0xe0,0xe0,0x06,0xf8,0xf9,0x08,0x00,0x01,0x00,0x90,
    0x02,0x29,0x03,0x1e,0x02,0xcf,0x00,0x03,0x00,0x00,0x01,0x15,0x21,0x35,0x03,0x1e,
    0xfd,0x72,0x02,0xcf,0xa6,0xa6,0x00,0x01,0x00,0xa0,0x03,0x9b,0x01,0xc6,0x05,0xd2,
    0x00,0x03,0x00,0x00,0x13,0x13,0x33,0x03,0xa0,0x58,0xce,0x9c,0x03,0x9b,0x02,0x37,
    0xfd,0xc9,0x00,0x01,0x00,0xd2,0x03,0x9b,0x01,0x94,0x05,0xd2,0x00,0x03,0x00,0x00,
    0x13,0x03,0x33,0x03,0xe8,0x16,0xc2,0x16,0x03,0x9b,0x02,0x37,0xfd,0xc9,0xff,0xff,
    0x00,0xd2,0x03,0x9b,0x02,0xe8,0x05,0xd2,0x00,0x26,0x00,0x52,0x00,0x00,0x00,0x07,
    0x00,0x52,0x01,0x54,0x00,0x00,0xff,0xff,0x00,0x80,0xfe,0x99,0x01,0xa6,0x00,0xd0,
    0x00,0x07,0x00,0x51,0xff,0xe0,0xfa,0xfe,0x00,0x01,0x00,0xa0,0xff,0xf3,0x01,0xae,
    0x01,0x01,0x00,0x0b,0x00,0x00,0x05,0x22,0x26,0x35,0x34,0x36,0x33,0x32,0x16,0x15,
    0x14,0x06,0x01,0x27,0x38,0x4f,0x4f,0x38,0x38,0x4f,0x4f,0x0d,0x4f,0x38,0x38,0x4f,
    0x4f,0x38,0x38,0x4f,0xff,0xff,0x00,0xa0,0xff,0xf3,0x01,0xae,0x04,0x2a,0x02,0x26,
    0x00,0x55,0x00,0x00,0x00,0x07,0x00,0x55,0x00,0x00,0x03,0x29,0xff,0xff,0x00,0x80,
    0xfe,0x99,0x01,0xca,0x04,0x2a,0x00,0x27,0x00,0x51,0xff,0xe0,0xfa,0xfe,0x00,0x07,
    0x00,0x55,0x00,0x1c,0x03,0x29,0x00,0x01,0x00,0xae,0x00,0x2c,0x04,0x5e,0x04,0x62,
    0x00,0x07,0x00,0x00,0x13,0x35,0x01,0x15,0x01,0x15,0x01,0x15,0xae,0x03,0xb0,0xfd,
    0x38,0x02,0xc8,0x02,0x08,0x7e,0x01,0xdc,0xc4,0xfe,0xae,0x0c,0xfe,0xae,0xc2,0x00,
    0x00,0x01,0x00,0xed,0x00,0x2c,0x04,0x9d,0x04,0x62,0x00,0x07,0x00,0x00,0x01,0x01,
    0x35,0x01,0x35,0x01,0x35,0x01,0x04,0x9d,0xfc,0x50,0x02,0xc8,0xfd,0x38,0x03,0xb0,
    0x02,0x08,0xfe,0x24,0xc2,0x01,0x52,0x0c,0x01,0x52,0xc4,0xfe,0x24,0x00,0x00,0x02,
    0x00,0xe2,0x01,0x1b,0x04,0x6a,0x03,0x73,0x00,0x03,0x00,0x07,0x00,0x00,0x13,0x35,
    0x21,0x15,0x01,0x35,0x21,0x15,0xe2,0x03,0x88,0xfc,0x78,0x03,0x88,0x01,0x1b,0xa6,
    0xa6,0x01,0xb2,0xa6,0xa6,0x00,0x00,0x01,0x00,0xc3,0x00,0x64,0x04,0x88,0x04,0x2a,
    0x00,0x0b,0x00,0x00,0x25,0x11,0x21,0x35,0x21,0x11,0x33,0x11,0x21,0x15,0x21,0x11,
    0x02,0x51,0xfe,0x72,0x01,0x8e,0xa9,0x01,0x8e,0xfe,0x72,0x64,0x01,0x94,0x9f,0x01,
    0x93,0xfe,0x6d,0x9f,0xfe,0x6c,0x00,0x01,0x00,0xa6,0x01,0x90,0x04,0xa5,0x03,0x0c,
    0x00,0x1b,0x00,0x00,0x13,0x26,0x36,0x36,0x33,0x32,0x16,0x17,0x16,0x16,0x33,0x32,
    0x36,0x35,0x33,0x16,0x06,0x06,0x23,0x22,0x26,0x27,0x26,0x26,0x23,0x22,0x06,0x17,
    0xa8,0x02,0x53,0x87,0x4a,0x4a,0x7a,0x51,0x35,0x40,0x26,0x3e,0x47,0xa4,0x02,0x54,
    0x86,0x4a,0x4c,0x7c,0x4d,0x36,0x3f,0x26,0x3a,0x4c,0x01,0x01,0xb7,0x7c,0x96,0x43,
    0x3e,0x47,0x2e,0x26,0x5a,0x57,0x7b,0x96,0x43,0x41,0x43,0x2f,0x25,0x52,0x5f,0x00,
    0x00,0x01,0x00,0x00,0xff,0x5a,0x03,0xa6,0x00,0x00,0x00,0x03,0x00,0x00,0x21,0x15,
    0x21,0x35,0x03,0xa6,0xfc,0x5a,0xa6,0xa6,0x00,0x01,0x00,0x52,0x03,0x2e,0x03,0x73,
    0x05,0xa3,0x00,0x07,0x00,0x00,0x13,0x01,0x33,0x01,0x23,0x03,0x23,0x03,0x52,0x01,
    0x2d,0xc7,0x01,0x2d,0xb1,0xd9,0x0d,0xd7,0x03,0x2e,0x02,0x75,0xfd,0x8b,0x01,0xd7,
    0xfe,0x29,0x00,0x01,0x00,0x72,0x02,0x8c,0x03,0x90,0x05,0xd2,0x00,0x11,0x00,0x00,
    0x01,0x13,0x05,0x27,0x25,0x25,0x37,0x05,0x03,0x33,0x03,0x25,0x17,0x05,0x05,0x07,
    0x25,0x13,0x01,0xb9,0x0d,0xfe,0xf4,0x48,0x01,0x1a,0xfe,0xe6,0x48,0x01,0x0c,0x0d,
    0x90,0x0c,0x01,0x0b,0x48,0xfe,0xe6,0x01,0x1a,0x48,0xfe,0xf5,0x0c,0x02,0x8c,0x01,
    0x3d,0xab,0x7e,0x92,0x92,0x80,0xab,0x01,0x3d,0xfe,0xc3,0xab,0x80,0x92,0x92,0x7e,
    0xab,0xfe,0xc3,0x00,0x00,0x05,0x00,0xe6,0xff,0xe3,0x06,0xf5,0x05,0xea,0x00,0x11,
    0x00,0x23,0x00,0x27,0x00,0x35,0x00,0x43,0x00,0x00,0x05,0x22,0x26,0x26,0x35,0x35,
    0x34,0x36,0x36,0x33,0x32,0x16,0x16,0x15,0x15,0x14,0x06,0x06,0x01,0x22,0x26,0x26,
    0x35,0x35,0x34,0x36,0x36,0x33,0x32,0x16,0x16,0x15,0x15,0x14,0x06,0x06,0x03,0x01,
    0x33,0x01,0x25,0x32,0x36,0x35,0x35,0x34,0x26,0x23,0x22,0x06,0x15,0x15,0x14,0x16,
    0x01,0x32,0x36,0x35,0x35,0x34,0x26,0x23,0x22,0x06,0x15,0x15,0x14,0x16,0x05,0xd2,
    0x5f,0x83,0x43,0x44,0x83,0x5e,0x60,0x82,0x41,0x43,0x81,0xfb,0xda,0x5f,0x83,0x43,
    0x44,0x83,0x5e,0x60,0x81,0x42,0x43,0x81,0xd6,0x04,0x00,0xa9,0xfc,0x00,0x03,0x95,
    0x4c,0x3e,0x3c,0x4e,0x4b,0x41,0x3f,0xfc,0x86,0x4c,0x3e,0x3c,0x4e,0x4b,0x41,0x3f,
    0x1d,0x53,0x8a,0x52,0x4e,0x52,0x89,0x53,0x53,0x89,0x52,0x4e,0x52,0x8a,0x53,0x03,
    0x5c,0x53,0x8a,0x52,0x4e,0x52,0x89,0x53,0x53,0x89,0x52,0x4e,0x52,0x8a,0x53,0xfc,
    0xc1,0x05,0xd2,0xfa,0x2e,0x66,0x69,0x43,0x4e,0x42,0x6a,0x6a,0x42,0x4e,0x43,0x69,
    0x03,0x5c,0x69,0x43,0x4e,0x42,0x6a,0x6a,0x42,0x4e,0x43,0x69,0xff,0xff,0x00,0x96,
    0x04,0xf0,0x01,0xeb,0x06,0x16,0x00,0x06,0x00,0x62,0x00,0x00,0x00,0x01,0x00,0x96,
    0x04,0xf0,0x01,0xeb,0x06,0x16,0x00,0x03,0x00,0x00,0x01,0x03,0x33,0x13,0x01,0x57,
    0xc1,0xc9,0x8c,0x04,0xf0,0x01,0x26,0xfe,0xda,0x00,0x00,0x01,0x00,0x7a,0x05,0x15,
    0x01,0x75,0x06,0x03,0x00,0x0b,0x00,0x00,0x13,0x22,0x26,0x35,0x34,0x36,0x33,0x32,
    0x16,0x15,0x14,0x06,0xf7,0x33,0x4a,0x4a,0x33,0x34,0x4a,0x4a,0x05,0x15,0x46,0x31,
    0x32,0x45,0x45,0x32,0x31,0x46,0x00,0x00,0x00,0x01,0x00,0x00,0x00,0x65,0x00,0x84,
    0x00,0x0a,0x00,0x69,0x00,0x07,0x00,0x01,0x00,0x00,0x00,0x00,0x00,0x00,0x00,0x00,
    0x00,0x00,0x00,0x00,0x00,0x07,0x00,0x01,0x00,0x00,0x00,0x00,0x00,0x24,0x00,0x5f,
    0x00,0x95,0x00,0xbe,0x00,0xd5,0x00,0xea,0x01,0x25,0x01,0x3c,0x01,0x4a,0x01,0x67,
    0x01,0x89,0x01,0x98,0x01,0xcf,0x01,0xf7,0x02,0x2f,0x02,0x54,0x02,0x96,0x02,0xc2,
    0x03,0x0a,0x03,0x1c,0x03,0x41,0x03,0x5f,0x03,0x97,0x03,0xc9,0x03,0xea,0x04,0x11,
    0x04,0x5f,0x04,0x97,0x04,0xc7,0x04,0xff,0x05,0x35,0x05,0x5c,0x05,0xa4,0x05,0xc6,
    0x05,0xd1,0x05,0xdd,0x05,0xf2,0x05,0xfd,0x06,0x19,0x06,0x27,0x06,0x5c,0x06,0x7e,
    0x06,0xb2,0x06,0xeb,0x07,0x24,0x07,0x43,0x07,0x80,0x07,0xa6,0x07,0xc7,0x07,0xe4,
    0x08,0x1d,0x08,0x4a,0x08,0x77,0x08,0x8f,0x08,0xe6,0x09,0x16,0x09,0x2a,0x09,0x58,
    0x09,0x9a,0x09,0xb9,0x09,0xf2,0x0a,0x3a,0x0a,0x4d,0x0a,0x9f,0x0a,0xe8,0x0b,0x43,
    0x0b,0x61,0x0b,0xa2,0x0b,0xc3,0x0b,0xe4,0x0b,0xf6,0x0c,0x08,0x0c,0x3a,0x0c,0x6a,
    0x0c,0xe2,0x0d,0x1b,0x0d,0x2b,0x0d,0x39,0x0d,0x48,0x0d,0x55,0x0d,0x63,0x0d,0x71,
    0x0d,0x7d,0x0d,0x86,0x0d,0x9c,0x0d,0xa8,0x0d,0xb5,0x0d,0xca,0x0d,0xe1,0x0d,0xf5,
    0x0e,0x0d,0x0e,0x3a,0x0e,0x46,0x0e,0x5b,0x0e,0x84,0x0e,0xe8,0x0e,0xf0,0x0e,0xff,
    0x0e,0xff,0x0f,0x15,0x00,0x01,0x00,0x00,0x00,0x04,0x00,0x42,0xf7,0x32,0x60,0x2e,
    0x5f,0x0f,0x3c,0xf5,0x00,0x07,0x08,0x00,0x00,0x00,0x00,0x00,0xe3,0x5d,0x94,0x32,
    0x00,0x00,0x00,0x00,0xe3,0x5d,0x94,0x49,0xfa,0x17,0xfd,0x6c,0x14,0xaa,0x08,0xdd,
    0x00,0x00,0x00,0x03,0x00,0x02,0x00,0x00,0x00,0x00,0x00,0x00,0x05,0x40,0x01,0x48,
    0x05,0x85,0x00,0x34,0x05,0x3c,0x00,0xb4,0x05,0xd8,0x00,0x7a,0x05,0xc6,0x00,0xb4,
    0x04,0xcf,0x00,0xb4,0x04,0xb9,0x00,0xb4,0x05,0xf8,0x00,0x7a,0x05,0xf2,0x00,0xb4,
    0x02,0x26,0x00,0xb4,0x04,0x91,0x00,0x64,0x05,0x60,0x00,0xb4,0x04,0x86,0x00,0xb4,
    0x07,0x3a,0x00,0xb4,0x06,0x07,0x00,0xb4,0x06,0x1e,0x00,0x7a,0x05,0x1c,0x00,0xb4,
    0x06,0x1e,0x00,0x7a,0x05,0x26,0x00,0xb4,0x05,0x22,0x00,0x74,0x05,0x2a,0x00,0x62,
    0x05,0xf4,0x00,0xb4,0x05,0x85,0x00,0x34,0x07,0xe2,0x00,0x34,0x05,0x75,0x00,0x39,
    0x05,0x6e,0x00,0x34,0x05,0x08,0x00,0x7a,0x04,0x7e,0x00,0x5a,0x04,0xe6,0x00,0x9e,
    0x04,0x92,0x00,0x68,0x04,0xe6,0x00,0x68,0x04,0xaa,0x00,0x68,0x02,0xf6,0x00,0x14,
    0x04,0xe8,0x00,0x68,0x04,0xbb,0x00,0x9e,0x01,0xf0,0x00,0x7c,0x01,0xf0,0x00,0x9e,
    0x01,0xf0,0xff,0xe6,0x01,0xf0,0xff,0xe6,0x04,0x64,0x00,0x9e,0x01,0xf0,0x00,0x9e,
    0x07,0x02,0x00,0x9e,0x04,0xba,0x00,0x9e,0x04,0xcc,0x00,0x68,0x04,0xe6,0x00,0x9e,
    0x04,0xe6,0x00,0x68,0x03,0x03,0x00,0x9e,0x04,0x39,0x00,0x6c,0x02,0x9e,0x00,0x14,
    0x04,0xbb,0x00,0x9e,0x04,0x7f,0x00,0x36,0x06,0x8c,0x00,0x46,0x04,0x5e,0x00,0x41,
    0x04,0x7f,0x00,0x36,0x04,0x6b,0x00,0x7e,0x05,0x22,0x00,0x74,0x05,0x0c,0x00,0x7a,
    0x03,0x41,0x00,0x60,0x04,0xe1,0x00,0x9a,0x04,0xf1,0x00,0x7d,0x05,0x2b,0x00,0x78,
    0x04,0xbf,0x00,0x80,0x04,0xf6,0x00,0x7a,0x04,0x87,0x00,0x62,0x04,0xf3,0x00,0x7a,
    0x04,0xf6,0x00,0x7a,0x05,0x27,0x00,0x68,0x02,0x4d,0x00,0xa0,0x04,0x17,0x00,0x52,
    0x02,0xeb,0x00,0xda,0x02,0xeb,0x00,0x60,0x02,0xeb,0x00,0xe2,0x02,0xeb,0x00,0x7b,
    0x03,0x69,0x00,0x90,0x03,0x69,0x00,0x7b,0x07,0xba,0x00,0x7a,0x05,0x11,0x00,0x22,
    0x02,0xe2,0x00,0x2e,0x02,0xa9,0x01,0x06,0x02,0xe2,0x00,0x2e,0x03,0xae,0x00,0x90,
    0x02,0x16,0x00,0xa0,0x02,0x66,0x00,0xd2,0x03,0xba,0x00,0xd2,0x02,0x4e,0x00,0x80,
    0x02,0x4e,0x00,0xa0,0x02,0x4e,0x00,0xa0,0x02,0x6a,0x00,0x80,0x05,0x4b,0x00,0xae,
    0x05,0x4b,0x00,0xed,0x05,0x4b,0x00,0xe2,0x05,0x4b,0x00,0xc3,0x05,0x4b,0x00,0xa6,
    0x03,0xa6,0x00,0x00,0x03,0xc5,0x00,0x52,0x04,0x02,0x00,0x72,0x07,0xdb,0x00,0xe6,
    0x02,0x95,0x00,0x96,0x00,0x00,0x00,0x96,0x02,0x40,0x00,0x00,0x00,0x00,0x00,0x7a,
    0x00,0x01,0x00,0x00,0x07,0xc0,0xfe,0x12,0x00,0x00,0x15,0x74,0xfa,0x17,0xf7,0x68,
    0x14,0xaa,0x08,0x00,0x00,0x00,0x00,0x00,0x00,0x00,0x00,0x00,0x00,0x00,0x00,0x00,
    0x00,0x00,0x00,0x65,0x00,0x04,0x05,0x1f,0x01,0x90,0x00,0x05,0x00,0x00,0x05,0x33,
    0x04,0xcd,0x00,0x00,0x00,0x9a,0x05,0x33,0x04,0xcd,0x00,0x00,0x02,0xcd,0x00,0x8c,
    0x02,0x9f,0x00,0x00,0x02,0x00,0x05,0x03,0x00,0x00,0x00,0x02,0x00,0x04,0x00,0x00,
    0x00,0x01,0x00,0x00,0x00,0x00,0x00,0x00,0x00,0x00,0x00,0x00,0x00,0x00,0x52,0x53,
    0x4d,0x53,0x00,0xc0,0x00,0x20,0x00,0x7e,0x07,0xc0,0xfe,0x12,0x00,0x00,0x07,0xc0,
    0x01,0xee,0x00,0x00,0x00,0x01,0x00,0x00,0x00,0x00,0x04,0x5e,0x05,0xd2,0x00,0x00,
    0x00,0x20,0x00,0x0c,0x00,0x00,0x00,0x02,0x00,0x00,0x00,0x03,0x00,0x00,0x00,0x14,
    0x00,0x03,0x00,0x01,0x00,0x00,0x00,0x14,0x00,0x04,0x00,0x9a,0x00,0x00,0x00,0x12,
    0x00,0x10,0x00,0x03,0x00,0x02,0x00,0x2f,0x00,0x39,0x00,0x40,0x00,0x5a,0x00,0x60,
    0x00,0x69,0x00,0x7a,0x00,0x7e,0xff,0xff,0x00,0x00,0x00,0x20,0x00,0x30,0x00,0x3a,
    0x00,0x41,0x00,0x5b,0x00,0x61,0x00,0x6a,0x00,0x7b,0xff,0xff,0x00,0x00,0x00,0x08,
    0x00,0x00,0xff,0xc0,0x00,0x00,0xff,0xba,0xff,0xbc,0x00,0x00,0x00,0x01,0x00,0x12,
    0x00,0x00,0x00,0x2e,0x00,0x00,0x00,0x38,0x00,0x00,0x00,0x00,0x00,0x3e,0x00,0x00,
    0x00,0x63,0x00,0x43,0x00,0x53,0x00,0x4c,0x00,0x37,0x00,0x60,0x00,0x42,0x00,0x52,
    0x00,0x45,0x00,0x46,0x00,0x5f,0x00,0x5b,0x00,0x54,0x00,0x50,0x00,0x55,0x00,0x4d,
    0x00,0x56,0x00,0x57,0x00,0x58,0x00,0x5a,0x00,0x59,0x00,0x44,0x00,0x4b,0x00,0x47,
    0x00,0x4f,0x00,0x48,0x00,0x5e,0x00,0x5d,0x00,0x61,0x00,0x49,0x00,0x4e,0x00,0x4a,
    0x00,0x5c,0x00,0x00,0x00,0x00,0x00,0x07,0x00,0x5a,0x00,0x03,0x00,0x01,0x04,0x09,
    0x00,0x00,0x00,0x50,0x00,0x00,0x00,0x03,0x00,0x01,0x04,0x09,0x00,0x01,0x00,0x0a,
    0x00,0x50,0x00,0x03,0x00,0x01,0x04,0x09,0x00,0x02,0x00,0x0e,0x00,0x5a,0x00,0x03,
    0x00,0x01,0x04,0x09,0x00,0x03,0x00,0x4c,0x00,0x68,0x00,0x03,0x00,0x01,0x04,0x09,
    0x00,0x04,0x00,0x1a,0x00,0xb4,0x00,0x03,0x00,0x01,0x04,0x09,0x00,0x05,0x00,0x36,
    0x00,0xce,0x00,0x03,0x00,0x01,0x04,0x09,0x00,0x06,0x00,0x1a,0x01,0x04,0x00,0x43,
    0x00,0x6f,0x00,0x70,0x00,0x79,0x00,0x72,0x00,0x69,0x00,0x67,0x00,0x68,0x00,0x74,
    0x00,0x20,0x00,0x32,0x00,0x30,0x00,0x31,0x00,0x36,0x00,0x20,0x00,0x54,0x00,0x68,
    0x00,0x65,0x00,0x20,0x00,0x49,0x00,0x6e,0x00,0x74,0x00,0x65,0x00,0x72,0x00,0x20,
    0x00,0x50,0x00,0x72,0x00,0x6f,0x00,0x6a,0x00,0x65,0x00,0x63,0x00,0x74,0x00,0x20,
    0x00,0x41,0x00,0x75,0x00,0x74,0x00,0x68,0x00,0x6f,0x00,0x72,0x00,0x73,0x00,0x49,
    0x00,0x6e,0x00,0x74,0x00,0x65,0x00,0x72,0x00,0x52,0x00,0x65,0x00,0x67,0x00,0x75,
    0x00,0x6c,0x00,0x61,0x00,0x72,0x00,0x34,0x00,0x2e,0x00,0x30,0x00,0x30,0x00,0x31,
    0x00,0x3b,0x00,0x67,0x00,0x69,0x00,0x74,0x00,0x2d,0x00,0x39,0x00,0x32,0x00,0x32,
    0x00,0x31,0x00,0x62,0x00,0x65,0x00,0x65,0x00,0x64,0x00,0x33,0x00,0x3b,0x00,0x52,
    0x00,0x53,0x00,0x4d,0x00,0x53,0x00,0x3b,0x00,0x49,0x00,0x6e,0x00,0x74,0x00,0x65,
    0x00,0x72,0x00,0x2d,0x00,0x52,0x00,0x65,0x00,0x67,0x00,0x75,0x00,0x6c,0x00,0x61,
    0x00,0x72,0x00,0x49,0x00,0x6e,0x00,0x74,0x00,0x65,0x00,0x72,0x00,0x20,0x00,0x52,
    0x00,0x65,0x00,0x67,0x00,0x75,0x00,0x6c,0x00,0x61,0x00,0x72,0x00,0x56,0x00,0x65,
    0x00,0x72,0x00,0x73,0x00,0x69,0x00,0x6f,0x00,0x6e,0x00,0x20,0x00,0x34,0x00,0x2e,
    0x00,0x30,0x00,0x30,0x00,0x31,0x00,0x3b,0x00,0x67,0x00,0x69,0x00,0x74,0x00,0x2d,
    0x00,0x39,0x00,0x32,0x00,0x32,0x00,0x31,0x00,0x62,0x00,0x65,0x00,0x65,0x00,0x64,
    0x00,0x33,0x00,0x49,0x00,0x6e,0x00,0x74,0x00,0x65,0x00,0x72,0x00,0x2d,0x00,0x52,
    0x00,0x65,0x00,0x67,0x00,0x75,0x00,0x6c,0x00,0x61,0x00,0x72,0x00,0x03,0x00,0x00,
    0x00,0x00,0x00,0x00,0xfe,0xa4,0x00,0x8c,0x00,0x00,0x00,0x00,0x00,0x00,0x00,0x00,
    0x00,0x00,0x00,0x00,0x00,0x00,0x00,0x00,0x00,0x00,0x00,0x00,0x00,0x01,0x00,0x01,
    0xff,0xff,0x00,0x0f,0x00,0x01,0x00,0x00,0x00,0x0c,0x00,0x00,0x00,0x00,0x00,0x00,
    0x00,0x02,0x00,0x04,0x00,0x01,0x00,0x23,0x00,0x01,0x00,0x27,0x00,0x38,0x00,0x01,
    0x00,0x3a,0x00,0x3b,0x00,0x01,0x00,0x47,0x00,0x48,0x00,0x01,0x00,0x01,0x00,0x00,
    0x00,0x0a,0x00,0x1c,0x00,0x1e,0x00,0x01,0x44,0x46,0x4c,0x54,0x00,0x08,0x00,0x04,
    0x00,0x00,0x00,0x00,0xff,0xff,0x00,0x00,0x00,0x00,0x00,0x00,0x00,0x01,0x00,0x00,
    0x00,0x0a,0x00,0x26,0x00,0x28,0x00,0x02,0x44,0x46,0x4c,0x54,0x00,0x0e,0x6c,0x61,
    0x74,0x6e,0x00,0x18,0x00,0x04,0x00,0x00,0x00,0x00,0xff,0xff,0x00,0x00,0x00,0x00,
    0x00,0x00,0x00,0x00,0x00,0x00,0x00,0x00,
};

}  // namespace ne
